"panel_area","panel_efficiency","panel_orientation","sunlight_hours","panel_age","energy_output"
16.5571601397824,0.164131391793489,"west",6.01160183233225,2.04214787378116,12.46746533984
9.54534482560121,0.165862483694218,"west",7.15568745926362,3.12375700927216,-0.533428234955334
6.31509646773338,0.171390284085646,"west",5.3090577338656,2.97707710892722,-8.46346774711978
12.3908153106458,0.18347678091377,"east",5.47492451935288,1.35398894256587,-7.82273408286873
14.4238765747286,0.180911306524649,"north",8.66119883561606,3.04633784396903,24.3663790221308
8.68593728169799,0.169733159639873,"east",4.70019915844291,3.16019473316706,13.071732158169
11.8285766150802,0.150017926609144,"south",5.15039465010347,4.16541364345402,8.38923472717408
12.1618789923377,0.14348955557216,"south",5.05966953334383,1.20466990754958,0.959925358448268
5.26499993517064,0.123701627436094,"east",3.8607619530086,1.63230077126377,1.01577931811543
18.4356498124544,0.126460417057388,"east",3.38492141609773,3.8340670205472,2.01063787551056
11.5425500716083,0.144829708547331,"south",7.08931057735773,3.24327564059292,2.2606034107597
18.1616975541692,0.10440977208782,"east",5.63327153092685,2.81097321452844,-8.82737541173384
12.3853811447043,0.182642467413098,"north",5.7323278758571,2.59484600755792,5.2237452085168
15.6917917076498,0.194904663041234,"east",5.37211579835757,1.77172384295194,-8.85420818603808
10.3819881996606,0.117634644196369,"west",4.53962498133146,3.87582775793663,-3.76491476716476
12.1340725175105,0.154748686985113,"west",2.56214615444538,2.51680642681594,8.57292558428089
10.0245853676461,0.155158701306209,"south",6.63410649255139,3.93136691682884,-2.13915262764489
8.58168637962081,0.159527597692795,"east",7.16517963351557,1.06174454594779,-15.6953769585793
9.23616881715134,0.107036862382665,"east",4.86785457633007,2.82326689019899,-15.5928700645434
15.2500288933516,0.192209233995527,"west",8.12017687441714,2.67858599508616,8.55550823985741
17.8848636848852,0.170881003653631,"south",4.71824432932211,2.18818398077167,-2.56596196125212
17.4125194794033,0.119341931724921,"west",6.17256715728554,2.54258897922498,-0.100697327890876
14.9927569087595,0.171158308140002,"east",5.6930569662652,3.3575286741517,-8.98502776753841
19.7885169484653,0.110664074192755,"north",3.73617007543783,4.1738639428606,-7.63560735404469
12.9858568566851,0.116714285663329,"north",8.17568901795196,2.90316618909568,-20.0556520688765
10.6595201417804,0.121101235458627,"east",4.80448253661486,3.46020079027425,-8.75893638642677
17.2996494174004,0.115509889740497,"east",6.65405470780286,4.15203584293305,-22.6921396147315
7.60724041378126,0.159303538105451,"east",7.18899907582759,3.35659163047914,1.93430916538161
8.33551806630567,0.124356505949982,"north",5.08066214322791,0.99152883545486,36.6914610192913
6.76157813286409,0.105022165039554,"east",4.775089291814,1.25673521106446,7.42766907752547
19.5834538934287,0.181504186871462,"south",5.07848271984102,3.14505175442213,-2.88633511462906
5.07165504619479,0.18455409554299,"west",6.6799730936268,3.54851773376904,9.16237246768819
12.7641177782789,0.140591395320371,"south",8.07388623799114,4.11009284855413,1.93508406657866
14.8822798347101,0.141735291620716,"north",4.65226193238886,1.68497616443007,-7.98195214336967
13.183471794473,0.191733875963837,"east",7.80256450521564,2.03389082825762,3.31332619793412
11.1660286982078,0.182967532100156,"north",4.97722802115257,2.36722773887932,9.67921973260995
7.61208009673283,0.15259246090427,"east",4.61809513695399,3.31038196098035,12.5471761643043
16.6545412968844,0.109998091356829,"east",6.31163646767211,3.7202405841362,3.54949729284278
13.1249363196548,0.179131505754776,"south",5.81711896093555,1.61557736943585,-0.619153377701913
6.97456506895833,0.16976142891217,"west",5.44338297259674,2.14439772050445,-9.01794235443835
17.7173657040112,0.182506970292889,"south",6.62684610257545,1.71207648177557,-4.17255317450731
14.5574812754057,0.164560220506974,"south",5.2241202676052,3.81449795970846,-13.4744889199698
6.46279017673805,0.186378199630417,"east",5.47967851100939,3.85404564977853,8.39859325227548
7.17795835109428,0.117302233236842,"east",5.02686843201504,3.69961983087481,-3.88862798769815
12.5228137942031,0.163098222785629,"north",6.83006868210779,2.68426258828691,-3.74480990230791
10.0974285730626,0.117942616529763,"east",5.66605879226105,3.07778537567622,12.6959625130464
12.8680690971669,0.158781095128506,"east",5.40575114995936,1.18557317635118,14.0245800402515
10.6715078314301,0.172321233223192,"south",2.85402141702484,3.39807116000766,6.32219723113347
5.75354339787737,0.129911246336997,"south",8.05754278681855,1.98812356692747,2.41130722723984
8.19576207199134,0.11229083747603,"east",6.21956610325705,4.37482323734919,-5.0945306556499
14.5835356600583,0.167246915609576,"east",6.75904492749148,3.22826909718411,10.7544192395521
11.3241977605503,0.174804768455215,"east",8.88146248902355,3.38015325009092,6.44579655334718
19.493631728692,0.159945265785791,"east",4.42286497674098,3.18356432253901,-0.169027507453645
15.0084751320537,0.196501934248954,"east",7.67847088088471,5.4342509364211,-8.20728228781641
8.12570646055974,0.188885020045564,"west",5.67769168993262,3.30305667885602,-0.354590615335846
19.7131012461614,0.117791942949407,"north",8.94583367217794,4.29167192178373,0.174811718243224
10.6192177021876,0.127121564326808,"south",6.40798590695354,2.94691018717292,11.6009952029225
15.6531381909736,0.17659552549012,"west",7.34341285558805,3.31026863689467,4.5552011447419
5.66433750209399,0.174294027779251,"north",5.27943020605995,3.80205689143749,-1.08774959689604
13.6357811524067,0.159875107533298,"east",6.48338533826297,3.48587994318144,-1.49781237137969
8.33878008648753,0.188524264027365,"south",6.35711365145623,2.13717909144966,1.93326970661025
13.3155229268596,0.184768621483818,"north",4.39207034261218,3.1103642239694,-1.51739502631156
14.2798267269973,0.188981030019931,"east",6.73300241805876,3.17913259122707,0.439324964737658
7.56792432861403,0.154637308605015,"south",7.76334742960222,2.83888875763898,6.42085357702979
18.8739952514879,0.188355636270717,"north",5.03539629763814,3.9165793363954,9.04098191899133
13.3770337537862,0.158166504022665,"west",4.84977536183917,1.52664758143588,-5.02831935560556
13.4377112833317,0.175948507082649,"east",6.44985754612376,3.98350314718788,-11.6760122118001
5.07000944460742,0.192098532663658,"west",5.18108112888044,3.58771464703146,-0.808800300980074
10.2265577286016,0.197262338642031,"east",6.5032964672528,4.71248735116214,-2.7170933070883
19.2541995563079,0.145528669469059,"west",8.56744351991638,3.03223465796273,11.5221934070459
7.72592015797272,0.181596091855317,"west",7.20832121204422,4.04302009646483,-1.82311057258291
13.2148266781587,0.176120407436974,"north",7.61570180424993,2.6250035301924,6.82400989880168
18.0683415930253,0.163442079536617,"east",5.11241074766634,1.66762665712238,-1.83054691447093
11.5376941801514,0.18014217808377,"east",4.91344518805898,1.72580563705246,10.8951225527285
7.01367015019059,0.154636674071662,"west",3.99593998540719,3.68819871528799,-14.9392604631967
13.3562528365292,0.145129895792343,"north",6.4795064099522,3.70592144034138,-1.39467962598455
16.2678302079439,0.19550048939418,"south",6.84447979546634,1.85637801539726,7.01052942908882
11.4177140919492,0.131386750354432,"east",6.25721117518851,3.17864579705635,12.78271895912
16.5364955528639,0.103826683713123,"north",5.68397818746785,3.04365117886689,4.42760047842695
10.1924724085256,0.173258780641481,"west",7.62805275574214,1.44646280637509,-8.59959742945766
8.17265962250531,0.182819643593393,"east",4.20312613086642,2.27469474456557,-19.9644736496163
8.67823843029328,0.158050331706181,"north",6.09712927881334,2.20032602076657,-3.47890755352872
10.7500570977572,0.161947571206838,"east",7.10746764540941,3.34224540264982,-7.65310220616881
16.6966156079434,0.125146331591532,"west",4.32421781117269,1.44336473066611,-14.5413319447109
11.6999013919849,0.147851312416606,"east",4.73509858834239,3.55815023950343,7.45227384360722
6.42103691003285,0.162767298589461,"west",5.2746969726679,3.6055206537615,-7.24962233137885
9.3779240665026,0.129008269682527,"south",5.70391480963257,3.98401371167533,-15.3680761861917
8.02276316331699,0.163884570309892,"west",7.99685871589555,2.78716175779106,4.30488658723436
9.68249300378375,0.18057963931933,"west",7.83357338217862,2.90781521637885,9.63022053853638
11.334518949734,0.16087760864757,"north",7.19486704225343,3.44685652579714,6.58166903383446
19.7897887660656,0.155495320865884,"south",5.80127188962778,2.79342948608704,8.41076520361298
7.67511440441012,0.101200964045711,"south",5.0551804535289,4.68486079747493,-0.634165140720251
17.8217158233747,0.14500842965208,"north",3.88671395022948,2.45316869093041,-5.07745217125924
12.8365134459455,0.177482337551191,"south",6.54454594023573,2.80617027155857,-15.6831015329368
16.0377609392162,0.187713340180926,"west",8.33226290697219,2.78887672904012,-1.20670800872684
14.0352257632185,0.190743415220641,"south",6.09936585851382,2.86831429687682,-8.3089383798163
19.8239914432634,0.188211358874105,"north",6.86525532260159,3.39075605925777,23.3059928798858
16.0240724810865,0.105742670898326,"west",5.6056859138483,3.64028866182039,3.47367061540561
6.39228460378945,0.15351909424644,"north",5.88206786835728,2.6265784964319,0.91182356794296
15.3147212602198,0.163799386704341,"north",3.1645887685871,4.15908852456718,15.9606169920356
8.41651097871363,0.172786471247673,"north",7.77607233264088,4.54403136142273,-2.80705534371906
7.54676533164456,0.18205078560859,"north",6.15874046219129,3.58134551405066,-12.5241356001042
18.5556136013474,0.132100825267844,"north",6.00146268749897,2.36226660829356,15.9666950470172
16.8550429376774,0.165897025843151,"west",7.69581096362322,3.9404143594457,-3.76439956898488
13.8735619815998,0.187765420251526,"west",5.04118810341013,2.93493885422516,-5.50499830327357
7.42741790250875,0.166808541328646,"south",5.34897909451578,3.68877218271093,-5.33264919707246
6.31494969013147,0.17248404242564,"south",7.14262107142405,2.7541318916246,-7.31702579469656
17.8622786293272,0.153469519154169,"south",5.20316753591323,3.6215947099415,15.7893727737683
14.2126353690401,0.152655449090526,"west",6.4343947394006,2.61438947292223,-8.75892135476638
13.925549632404,0.100554057816043,"north",5.3588649374549,2.93863037301435,5.74512490418028
11.116312853992,0.168881779629737,"south",5.36901149137644,3.91195440738627,2.86108588248523
5.84500167518854,0.1639307546895,"west",7.03890565753145,3.63912578534108,10.5160123711299
8.61611492466182,0.186428070534021,"west",5.86758719694018,2.97918497290197,12.16472402586
9.30359978228807,0.128873580461368,"north",6.3030087034627,0.843625303260251,-0.54644062316017
14.5855242176913,0.102773675718345,"north",5.50038482630453,2.83924171671127,-3.38429738234808
10.1001652539708,0.102081303601153,"south",2.77647575300208,3.45479297816481,-2.05642899608223
14.9994113435969,0.140903250663541,"east",5.04134729451486,1.75843877360936,1.34848158995891
19.3270609399769,0.122607512190007,"east",6.30719131787801,3.43466502519273,-1.6448824838352
5.71552434237674,0.133171936962754,"west",6.06257214684553,3.30555268023478,-6.10727601148095
15.9853477496654,0.133124769944698,"north",6.16588165535038,2.27884644187875,-13.6370085187118
16.2905983591918,0.161529473029077,"south",5.80886547767555,3.1914322799213,0.66257835215805
19.2867342941463,0.195269340858795,"west",6.64023230657465,3.25485986275641,-2.28023095385268
18.0237233359367,0.118130857893266,"west",6.64664133327685,3.43108774239559,6.43635992321007
8.11251244391315,0.138050125841983,"east",6.26895336860614,2.73703615317183,8.06708482535845
17.777510228334,0.104179011448286,"west",9.06070441772998,4.42121792308903,3.47167077782496
6.30784241948277,0.100851298053749,"south",9.27153077879457,1.32762567183536,1.79066329204799
6.48624800145626,0.102841687761247,"north",7.32497915857106,2.15808000321209,2.9516137711164
17.3936255171429,0.169227582914755,"east",3.25687012035785,3.61293736802384,6.4713722135757
7.53090520622209,0.164559876662679,"north",3.76278476991291,3.47433719004915,-11.430313724135
7.99820175976492,0.101157695497386,"east",7.73568896287709,4.03648084920923,8.05988637283533
12.3646505607758,0.161655378574505,"south",4.28953145958762,3.05485254769935,-7.71831841255655
8.05742747732438,0.178975770669058,"west",7.17504593336909,2.94294358133011,-4.34556733015536
16.3997951743659,0.179391107195988,"south",6.44507015937785,1.12247501692271,8.09341605644407
16.7192685010377,0.10262339389883,"east",6.17073260637394,2.30480567030814,-4.81784826261592
14.2357286508195,0.146051495661959,"west",5.33019520562553,3.55452599141981,-5.01484456864242
10.2407150599174,0.101730042300187,"north",5.99748662598007,4.70381402917043,13.3523893461155
18.6182166461367,0.1790288872784,"east",7.51235379734731,4.98682511880107,9.43286933945838
9.29282561060973,0.110842835903168,"east",5.27033271600574,1.59391106561095,-16.948734740593
11.5866806765553,0.1910919993883,"east",5.15013060332795,2.80357528029116,-3.95079729081007
11.0902509954758,0.164014484011568,"east",6.41317563840871,1.59273521219033,-8.00416681458669
16.1800587072503,0.153436943632551,"south",8.63995130097335,4.51760375359621,5.09306607490232
11.0702062782366,0.178986569913104,"east",6.80893279091734,2.11636920399365,0.594487717135055
8.83252577739768,0.142372800433077,"west",6.89081196326315,3.4512541743074,8.17096343003603
17.7769932639785,0.160802840092219,"east",5.31158205843557,3.33492659363172,7.81418657469578
16.4266007731203,0.141700271563604,"east",6.87437049481646,2.73086601706551,-7.7824676543361
18.8874111406039,0.144360491237603,"east",6.10305038276135,3.91414729789621,7.2022005908092
13.5516312625259,0.195722058671527,"south",4.18508245810946,4.07944616162841,9.73984973997312
15.4844561161008,0.143237672070973,"west",2.19408808642804,4.38436169534782,3.34346328867748
14.4940037361812,0.101234771730378,"east",4.59441614053862,2.71337179231434,11.3353212099942
14.7388820431661,0.1056616185233,"west",4.12694583033497,3.80139412576445,12.4812989937494
19.2278564639855,0.194889284763485,"north",8.40666969484379,2.36197442798143,-9.4285252278844
17.7921750734095,0.118337367824279,"west",7.38156399569917,2.22382074350699,9.51199718622542
14.315787962405,0.129253350803629,"east",5.42903898192846,3.97009286967633,-2.73350920285695
12.5251442671288,0.157915575336665,"east",4.49258030669349,2.35507520155067,-7.19253763909753
7.2377065056935,0.134791691764258,"west",7.60062320284957,3.26459441014258,8.97561252388649
7.79960588784888,0.139882513298653,"south",7.05420158526468,4.92171630027309,11.8464345616371
10.4700650391169,0.122290470032021,"north",6.69068330449618,1.40963462838615,17.7991433824773
5.90882383636199,0.114791502361186,"south",5.72978421713898,2.05541126969879,-11.4726983127653
10.5540218343958,0.109345467621461,"south",6.30614547958336,1.82583524363354,-19.621121990818
14.4930175074842,0.166907819127664,"east",7.27273407267104,1.20292288025304,-11.5734823438152
8.87101835105568,0.152249921415932,"north",6.93495977853494,3.03453330550401,13.8904973798328
11.5142607921734,0.146948605962098,"south",7.2428749243824,2.97080374380679,12.0180826567979
12.7985111856833,0.110809774091467,"south",4.80428832367277,3.87528233442359,-5.48820747868037
13.1935016601346,0.198227839288302,"south",6.51062096294636,4.64549378337606,6.10671563379394
17.5293695763685,0.132690144749358,"west",5.36936787630855,1.46744706193211,12.0787306221061
7.23280158359557,0.147388976602815,"north",4.99145663854956,1.52544491176223,-7.8127582996661
19.4012748030946,0.146296850545332,"north",8.35903633669687,3.17162890324648,0.574970310410535
5.52129499847069,0.192433315725066,"west",7.1120566937996,1.58322546623292,-7.55662110563996
13.7037555093411,0.199082861538045,"east",6.36511131678643,4.11485254300753,-2.86794919962428
19.1102120419964,0.114903681864962,"north",6.75834751938487,3.35840046517371,-5.52661060829123
15.0917965127155,0.179456640011631,"west",7.0328040076306,2.35109587080282,-17.5155872415309
14.9270263174549,0.130482887406833,"east",9.28212246729159,1.75325158230593,13.1795045110033
13.7770271976478,0.138975091045722,"east",6.93807828521804,3.64908226770435,-3.25153756304981
6.25264823320322,0.103171082003973,"west",5.24490219428728,2.53425943736542,1.18478346596434
16.536606871523,0.148541398439556,"north",5.77320358521943,2.19308389979892,-0.914856463466017
6.09872253029607,0.100468721380457,"east",7.07119807754261,1.55403198493235,-7.23416703100411
9.9256726517342,0.132553855166771,"east",5.39359242327753,1.12280042396904,7.50858055551291
5.82397888414562,0.137330281408504,"south",6.19997967196447,5.90797653740594,-0.450536398749454
19.4090127036907,0.177551229763776,"north",7.50827216507611,3.27619136936029,-5.96991850653101
16.0286944685504,0.189856780087575,"north",3.90796923357768,3.31233359608659,-0.140320951677144
17.6911998260766,0.150966065842658,"east",8.67831445503911,3.53517813201606,-7.55317450940028
17.4071029608604,0.152970454096794,"east",7.83707120555706,2.51171254857347,8.93978626183404
17.5058167881798,0.19927504779771,"north",5.41063024964214,2.6483250502992,1.98898079033884
6.17279547615908,0.17037168040406,"north",4.31410094354466,4.43363304424781,-12.0511953363597
17.6465712417848,0.187551653129049,"north",7.92503087692794,3.74346353859893,12.2053606912535
10.9849593613762,0.192515901220031,"north",7.76288012266744,4.73893717601224,-2.11095043526993
12.4839408532716,0.100313265621662,"south",5.4401789593993,3.6550667489097,16.3985263714153
13.1764131702948,0.16455476207193,"south",7.42255503809436,2.07821526661547,-13.8790530596057
6.10866563627496,0.116581263649277,"north",6.12615365860245,2.76214469506077,-3.5524976556149
19.7235360764898,0.140322762751021,"west",3.711125265629,3.66695695343543,0.891907912469158
8.98573633981869,0.165840766392648,"south",6.42810078400421,1.0388895429186,-5.45213538920011
15.4968778241891,0.146937982249074,"west",8.27407702474762,0.893034199419599,7.80960722685394
10.9764957241714,0.142748703761026,"south",7.38896193677321,1.68019029462195,5.56144632677715
18.5964948078617,0.164123119763099,"south",5.4968141674113,4.39139821581968,-15.5430181775219
7.23894270719029,0.179239221825264,"west",4.14911642764075,1.76323300759914,11.2328461150547
11.1524777382147,0.192361672664993,"north",7.4063859223754,0.91688801535419,29.4542030226643
9.76275449385867,0.120175062096678,"north",6.65726983766696,3.63498168842327,2.80033741766566
5.87224593036808,0.1844483330613,"west",8.00953047351771,3.30280371438558,-1.60497872160178
10.1456862944178,0.151184004754759,"north",7.3153729721218,3.11156673608728,-1.39492537961108
9.80926909367554,0.167026957916096,"west",7.44373740260809,2.55392724579828,6.30455755545666
14.8573019064497,0.117206045612693,"north",7.06165733487699,4.19908557743403,9.33253485475348
13.7568915018346,0.177400476322509,"south",5.1138889984544,4.41994339178826,-2.38476945514062
15.6924593402073,0.103195582539774,"east",4.7574156756986,1.97475235071842,-16.4760797754876
5.07704021292739,0.177642585150898,"east",3.93244974423268,3.8416065859786,-18.4580407724321
13.8802681991365,0.103886813228019,"south",8.54851705865504,3.49944514139908,-8.33419934650306
13.4503797756042,0.16305939569138,"west",6.97476727996664,3.586854025938,-2.39953473303057
15.9034385730047,0.114348561759107,"west",8.53844390097881,4.36059904131107,0.160580484583384
16.7578770103864,0.159165056352504,"north",6.48204571500677,2.33164147592652,-5.48392566095528
18.8639320398215,0.130805905419402,"west",5.88533126106085,3.03382590369615,-8.42488301085195
6.08934769639745,0.166461211070418,"south",5.5217819891396,1.24460257648996,5.41416882991743
11.598582919687,0.18078077994287,"west",4.11471308857292,2.55861935957794,0.995505965477484
7.8952280851081,0.113712991098873,"east",6.87162338952631,3.82222577402146,2.22924315384259
12.0942173502408,0.168740035174415,"south",6.98050324343296,2.66344096986203,8.37191402022508
11.1257357930299,0.136974271200597,"west",5.69255995591759,2.66507555600085,-10.299104308933
17.100233847741,0.165859945048578,"west",7.25511735511324,1.82910490453041,16.5374370605765
13.4652732720133,0.112399238743819,"north",4.96383933490508,2.91792508601317,-4.7088724281857
14.2245902924333,0.110325132007711,"east",7.37293570429234,3.16102321227496,2.38927312134076
18.8135311286896,0.150721256551333,"south",6.14871433789746,0.124896517867153,-2.08305410880892
13.8737704011146,0.187559205130674,"north",8.08348979144118,2.82968007827443,-16.7895525938248
5.1958224712871,0.153922496153973,"south",7.13672759739971,2.72959015299908,-5.2757418650499
13.738931810949,0.123030965426005,"north",7.40253832995746,2.54334771438575,3.11573108933103
15.8182381896768,0.15663573066704,"east",4.34587993159468,2.29635388973953,8.33893363746435
13.2986189925577,0.146840715105645,"east",5.90348811451396,2.41896653381775,-11.3387667675291
16.220763932215,0.195141833275557,"north",5.51950499622474,1.87679024652132,10.9985996889772
16.1377172055654,0.114609701139852,"north",3.46198933972221,0.310760237607904,8.44481343324277
18.0834610480815,0.162892611417919,"south",5.79706804245174,2.36093928449422,-10.6593240928276
14.3444487417582,0.117980013578199,"south",5.67543092348491,3.24935149879698,1.6396540645803
15.8095465786755,0.132876125862822,"west",5.26375758256232,0.607980591251047,9.54294416427004
8.46229212358594,0.105715198465623,"north",9.85699285656635,3.00006213583034,-18.3867644255325
18.9831549173687,0.121257476392202,"north",5.46080972648018,2.89663129283068,-2.78798763118592
14.02152983821,0.18137124388013,"south",7.41860421455254,2.253000602791,-1.67839930645087
11.0502671624999,0.193941024481319,"north",8.90258602827235,3.64692984963067,7.98998760730688
10.5077085015364,0.126738095632754,"north",4.14244565046811,1.04872612075899,3.95702133186649
13.6103601497598,0.194661979656667,"east",6.06022203898404,3.67155969437389,-0.890549226320353
12.9009195044637,0.133393162419088,"south",4.32983459281752,2.89345200340426,2.93568431953498
14.192568610888,0.100685945432633,"west",4.66863522575849,3.45872739452227,22.8607915074563
19.3842579051852,0.124827377987094,"south",6.94481623076899,3.58796228956739,15.9118222930273
11.7894113203511,0.135236655897461,"east",6.06949191113005,2.76248031312002,1.80667372730061
10.0599116878584,0.114833316975273,"west",4.74348292675354,1.26430161629731,2.30864110202968
18.8077620393597,0.148014954081737,"east",5.73070705749149,2.9060333882574,11.3750578753412
11.6180073760916,0.139137238822877,"east",6.07626615866501,3.22567421937239,-7.80020492026057
9.8753663059324,0.127039473201148,"south",8.38121438171598,3.57193736581447,-9.37059678356066
14.1514014767017,0.146207127766684,"east",6.55950919654984,2.49944785052626,-5.61884231923271
11.2015590828378,0.148447027709335,"south",4.4532426574572,3.30213061625502,-13.3903136756872
6.66480024228804,0.146250219619833,"east",6.30188394934728,3.44088634361252,3.49307975144921
7.18213689397089,0.175434403540567,"north",5.68192694137737,1.58706317366157,11.3360846969657
9.59970684954897,0.131989972945303,"north",5.69900486007737,4.12486532989991,-5.55993561551393
11.4927358482964,0.146300772204995,"east",4.33676002088563,1.79059422086521,14.6816544114595
19.5670924184378,0.175962536316365,"west",2.25617549450252,1.89351577085785,12.5384444925351
7.92897771694697,0.150746659282595,"east",6.78752457222148,3.68659746183313,-0.7803543055514
18.183931565145,0.162709766509943,"west",6.29226666861977,1.54578173241292,14.1572508896066
12.0580970298033,0.138915652339347,"south",6.25148423342241,1.88893474653931,-5.77619682351387
7.29383239289746,0.142770967446268,"south",6.57792227102823,1.89655632840461,-8.28240339444256
13.3515884191729,0.10452729659155,"north",7.42773515384954,2.38513565057759,-3.596692649381
15.1314624375664,0.104670010623522,"east",4.32322772827757,2.64428488932886,-3.73442529488107
18.4316205338109,0.136819205502979,"east",5.84343952651469,3.55010205398285,15.5112798267867
6.5804931812454,0.176496014767326,"west",7.27641064861771,2.59621824793204,-10.0145388830023
7.3722269188147,0.112765740975738,"west",6.37300371444487,3.2793090724798,-3.72445073572041
7.61402461095713,0.188842683797702,"east",7.25606378927586,4.38949304885753,-17.3612487522502
6.97084886138327,0.161044198321179,"north",6.79954128290624,3.87560087885448,-5.60632843914976
10.0978548871353,0.185085234907456,"north",6.41800206540758,3.64515789424612,1.09981618815059
17.891931385966,0.169386268570088,"east",8.11044954214099,2.7701110504912,-6.41895863371142
15.9577935875859,0.114062187704258,"south",9.21705997884166,3.26600033943796,-3.74654638649136
6.54328764881939,0.197997875115834,"east",8.59269612828527,2.85826179105377,6.61594523691458
6.77348481491208,0.138944362243637,"north",7.85339799166258,2.4174388436042,-4.59776833306277
14.5931335433852,0.144081627926789,"east",4.0424929145958,5.16775618765235,6.53500839557868
6.13333287183195,0.140606731176376,"east",4.92642407633629,1.64446028020873,-2.71201652604452
15.2818650903646,0.168655789247714,"north",6.60854020245301,2.57052759706032,-17.6892525023362
5.87634905008599,0.157220619474538,"west",8.91710375892696,1.7419225455042,-0.011053771352334
17.5442870834377,0.122376646380872,"east",7.80115801219941,2.29699202810758,-11.7199796293638
19.004091846291,0.181578505481593,"east",7.02725558972406,4.21417286531306,2.85077846421827
17.3089773370884,0.154704528767616,"west",4.79673045731366,3.31762197767531,-12.817608058853
6.43262021476403,0.122587326937355,"east",8.30649621008197,4.44567355466876,-7.17888529835563
14.1003214218654,0.127046230249107,"south",4.57618648490937,2.61381544117839,0.609437101411009
12.903109776089,0.165159027813934,"north",4.71613145534721,2.38819850114068,-5.55342294420514
14.1531166690402,0.169145233975723,"east",7.64049731160524,2.1999408375903,12.2414592935899
15.2081300434656,0.169493617303669,"south",4.37178422111204,2.78145382484524,-19.4782655108782
6.40569953946397,0.130532505386509,"south",3.67106704334949,4.69558476731265,-10.8141839399875
9.50661255046725,0.199315152037889,"east",7.32532886339665,1.78411975136354,7.23205559824707
15.4250700701959,0.160452856100164,"east",5.20514762999363,3.63494766588158,9.995368159165
10.6710270454641,0.120255717472173,"south",6.68212676039534,4.24140099533644,-9.94296553515996
12.2765941661783,0.167792302323505,"north",6.25928543109103,2.85859459565401,15.6072080470721
10.0337719963863,0.194949596561491,"west",5.18318120859018,1.68723375458297,-7.86883244317148
5.94087320961989,0.186489013954997,"south",3.81765962246298,3.3013742544862,10.3368735107714
19.5854254288133,0.19018535586074,"south",5.19667036999701,5.14541567271517,-12.2126855362464
7.14300840976648,0.181115779234096,"south",8.39714754205293,2.40796531895452,-12.6084830001538
8.29720762791112,0.114914092770778,"east",7.79005605672158,2.97656182262904,-2.3213170642822
13.7696020468138,0.190186555124819,"east",6.82547165776754,3.3920174381391,8.70938813702584
6.32079565199092,0.149618624267168,"north",8.10013894245823,2.2558654303327,13.7745298855407
6.78248743643053,0.117054797988385,"south",3.93519508674724,2.90139357682992,-25.5882395860993
9.79784830706194,0.174058238673024,"south",4.0271948067451,3.43276228377909,-4.20307517886521
15.378415674204,0.158535985206254,"south",5.67124109944876,4.16687720236003,-7.07429196804561
17.1513005474117,0.153940733056515,"west",5.55068033832962,2.98512526381265,3.09670692503113
13.4521249053068,0.112218536040746,"west",5.81685408943346,1.87757626012595,9.10837876353052
15.3320412896574,0.135675956052728,"west",6.18044243290795,2.82792039765501,0.990529820786078
18.8090236519929,0.107542049721815,"east",8.00181188428125,2.80084350345352,-16.9811147138347
18.9502870722208,0.118326953868382,"west",7.10541931716052,3.37031913654867,-3.06433377740361
7.41237608483061,0.167085591237992,"east",6.59568750890408,1.68304951892022,0.00999012304121571
8.63063797936775,0.118368166638538,"east",7.5596734223883,3.07018928601467,-1.40635640292579
15.8905007876456,0.140677083865739,"east",7.57466989573902,3.2480918771329,6.88703609424538
12.3818840470631,0.105722440173849,"north",5.16584754022938,2.2146763488676,-22.1381630741653
13.9614613901358,0.146364059764892,"south",4.2127834086367,2.69603343947776,0.598579625023523
15.9515283838846,0.127025861805305,"south",4.89619254050588,3.51944553506056,-16.931344822833
10.4474114265759,0.182037309533916,"south",7.45707022620267,3.77118571999696,7.20356651826305
12.9262624052353,0.139521093084477,"east",8.28215226551698,3.89528583453883,-7.21824150098936
15.0622350350022,0.114374804124236,"north",5.81921550217464,1.64341477015885,2.75294889065496
5.03356172004715,0.189432677114382,"east",5.37122838674458,3.97642007388084,-7.72578097352368
18.347059127409,0.177320887101814,"south",6.21071779243985,3.2658877078445,17.7056477413292
11.8479857360944,0.159317224752158,"west",4.93841077618844,2.92608265135824,-2.34290878867678
8.66895308718085,0.198587775975466,"south",8.14042332179229,2.99732903885327,-6.06941795227236
6.26412272336893,0.148893125005998,"east",7.72303754321747,4.39207963656787,-7.8558545442948
9.32567493175156,0.148427231423557,"west",8.6829508508336,2.53007016740465,-11.5590562592105
12.1762433252297,0.181328896293417,"south",7.98500441973625,2.86757303807517,3.97864027174724
18.1396803411189,0.150628710584715,"west",9.06349879454149,3.78130760860991,18.8270247433897
8.39260034263134,0.12753057773225,"east",7.11692992029349,1.25567405903862,5.76409233522847
17.4836937955115,0.114349060528912,"south",5.1351605520051,1.65487047692929,5.16696284934262
5.37663245107979,0.160631455597468,"west",7.31068374766427,4.38884676612666,-2.11722506917511
8.28799404436722,0.151321573578753,"east",8.94596637035618,4.54395767682018,7.24743678812368
18.5875350283459,0.126719126128592,"south",5.58449600023076,1.23862852030648,-6.88447381106218
11.9099336094223,0.137995560583659,"east",7.39047066206741,4.17046714724653,0.790736940245512
11.2355266825762,0.167659615841694,"west",6.72419343761678,1.59351050941608,6.00729390187281
11.3997350283898,0.161521396948956,"west",5.18392414215039,2.34990752784077,3.38644418642215
11.5339959028643,0.14200510843657,"east",5.11833577250911,3.43002812827279,17.0337123871921
9.50099388486706,0.172886990453117,"west",7.24310293607479,4.73266322233783,-1.36080576887796
15.5273493111599,0.183519611065276,"east",2.94889084159481,1.84191984989979,7.47638966107924
14.0184344991576,0.188802934181876,"south",5.05440476372484,3.83847670544136,-2.87724621625127
19.7875385673251,0.146947261225432,"east",6.10566388655039,3.45372920702072,-1.69421854576382
7.62847011908889,0.156245480058715,"north",4.94668821988978,3.07824256381103,-6.0005902370794
13.1293460598681,0.1332270427607,"west",7.79561955197151,3.59689277238699,-0.705690918114369
5.31266656471416,0.115315850987099,"north",5.82445282797585,4.12197106791034,-10.0443358436203
8.73383601312526,0.150460490840487,"south",7.35074938712402,2.07853060983047,7.01125802886003
12.5871199509129,0.186902580410242,"east",3.82432111398944,3.06142079791205,-7.69984212570877
16.663788582664,0.140638163732365,"west",6.69387849683742,3.07488305664866,13.9808228028682
7.40995761938393,0.101259025698528,"north",5.00127563664677,1.62833343415737,-9.67835118426496
18.9870194811374,0.112623863574117,"west",6.39961791525548,0.439989389317101,6.97498772191851
16.279555138899,0.184338312642649,"east",7.26409982497856,3.21919011371072,-13.2719645585919
16.5983385546133,0.139422129280865,"east",5.85313219879265,2.75651062608949,8.63175018941248
12.1115297661163,0.192882087267935,"east",3.86803369823906,3.19386987200769,12.0261948307644
7.56122635677457,0.160409348248504,"south",3.47654432044429,2.7671236154911,3.12975568297771
7.39060028106906,0.130402191053145,"east",4.19186041920526,3.6862471179309,-4.00461266927234
6.48834492312744,0.182201379491016,"south",5.70357740608992,3.35085768467091,5.77538289771386
19.8431302444078,0.18191694507841,"west",6.13757928176401,4.1840181041448,4.68292167925729
8.81220596609637,0.124947119457647,"west",4.76213899445388,3.01233907265019,14.5940943816097
5.69943852024153,0.198560217930935,"north",7.48635329684072,2.39131238008303,0.519723636048547
15.708296331577,0.107727569248527,"west",7.61321880444328,2.10683682544948,14.4708275365777
9.29076470667496,0.196874895482324,"south",6.72081486420113,0.780941251916332,1.10751257493429
17.4208410922438,0.189262227993459,"north",5.98231539046092,3.09917023506438,-3.39274548241024
15.2454126824159,0.104049074789509,"south",4.52821986308793,2.79723167618584,-16.8737099362102
5.76654737931676,0.19084658799693,"north",3.85633661666718,3.35061141886799,-9.00302817924092
19.0761517838109,0.112264335760847,"south",5.52277036160235,1.74486833375259,8.38014879823938
7.52554176258855,0.199217920843512,"south",6.25852310542256,3.57792526827432,1.90893749243203
9.57547319936566,0.150319915520959,"west",8.4647919441668,1.07222564910279,13.6775299122638
13.300044167554,0.175934183294885,"north",6.97921214518302,2.02853346376203,-7.3148581408826
14.2312154988758,0.102731633279473,"south",5.72615673219419,1.87444585752205,4.88954286358012
14.1298023425043,0.148944876738824,"east",7.53651379305311,1.61651562649033,11.0177184612773
18.4391393593978,0.167279290035367,"east",4.32348596668992,2.96441185001159,1.04698099501631
18.7601983046625,0.112874940782785,"north",5.69860289663184,0.752368107794637,-5.80599985695246
14.0497069887351,0.184155686222948,"north",6.54957241400762,1.93802261771822,3.15003891572216
12.2062269819435,0.121654301066883,"west",5.88687357120514,1.31691821178554,11.4837759584263
10.0032381271012,0.169878136343323,"east",3.32540423020201,1.70416131262638,-5.69755256832969
13.3588797878474,0.14447847220581,"south",4.732600883038,3.82578485369248,3.50943295154911
6.97729258914478,0.111055602226406,"west",4.28994903332609,3.71197057097549,-17.1882915109031
9.77498734369874,0.109053880255669,"west",4.1506219709366,3.0312937847465,-7.34887793751684
11.5059750992805,0.10368008185178,"south",5.20779639255008,2.93082513099347,12.4600952010773
6.47953348932788,0.188146685203537,"north",6.47638813087248,1.98394800752227,-26.5076128144964
11.2642714905087,0.196795948781073,"west",9.13354538565573,2.29542533713888,-3.10039699881308
10.8797987923026,0.102223568526097,"west",7.2900592917448,4.66082991264594,12.4079517762768
9.24584619584493,0.171644903952256,"south",4.06516910495898,2.45628761226292,-16.8572749454066
19.5018351112958,0.167021490214393,"north",4.17512952151782,3.99938720328726,2.91337496271366
12.3625746113248,0.144599356641993,"west",5.60971134928693,4.33155174831661,3.03598021132581
12.7741482760757,0.141674904129468,"south",8.36819131155728,3.51948413199919,-4.69615220815018
18.6574934376404,0.163613721518777,"north",7.62981601311483,2.87806318431509,4.42496041753238
17.9512321180664,0.109541802853346,"west",5.54969064926809,2.84750864331443,5.42884870761654
19.0603578230366,0.152402243204415,"east",9.95171696728929,2.63826666123236,11.6889601440468
14.4140466873068,0.168317269650288,"west",6.24152167670939,3.06925733099177,20.1815462124391
14.0110887982883,0.168197782989591,"east",5.62928722424676,3.04997556492034,-1.2821537973669
7.99237406696193,0.102878297492862,"east",3.97224726515939,3.16818423091231,12.0828026154473
8.99041428347118,0.139391066436656,"west",5.6542733536718,1.61463591398736,-5.60808491672244
16.3983129605185,0.198396481527016,"east",5.35043477652371,4.56618720236551,-0.459398974858758
16.4183417870663,0.197907574754208,"north",3.4544563638595,2.45410197019484,-2.02194882500261
9.0971158479806,0.19793625541497,"north",5.61850935677985,3.29552993577575,26.2054168250738
18.9752607815899,0.183826215844601,"east",4.19457210822683,2.65675115415549,1.36950287782663
16.7855857522227,0.182802257570438,"west",3.36827603149519,3.21434585089372,-4.25247404877132
14.8185280780308,0.123377025662921,"east",5.80171319382889,5.10964885468885,-12.503892522259
6.66214162833057,0.183861511014402,"east",6.87814203230925,3.02146735984545,-3.20926797431433
17.1376969630364,0.128699837159365,"west",6.10842108336544,3.51274707615207,10.3437539492809
11.9156294653658,0.151761944545433,"south",6.23191947530141,2.38561238559614,-1.51003739584152
14.1363042546436,0.147590944170952,"north",5.66685722749652,3.79160261570306,6.81484507406255
12.1071519609541,0.197808592324145,"north",1.9924187361136,2.55874878764149,-8.90453440704858
11.0160959069617,0.197875424055383,"east",4.33569343868908,3.80454111175894,11.1185920436027
5.41149723576382,0.131246192078106,"north",6.57024632544315,0.933481358913285,13.2922330478615
7.47037644847296,0.179397682170384,"east",5.30945408782718,3.83965055898641,-7.66645674237373
9.40764625673182,0.113167138234712,"south",3.6714700354873,5.24592501878449,-14.217561410592
11.9750084949192,0.190193207003176,"west",5.51003725699676,2.65434459567216,10.3937178285715
11.4718115865253,0.12417298743967,"south",4.88959734021238,2.95409420389905,-5.76748516413812
15.2499439707026,0.177939499914646,"north",4.79407571863121,4.11631746350359,9.47603707750595
8.1264379597269,0.112240178743377,"south",4.83593410736786,2.58002613318154,2.99831960029246
10.0484744203277,0.133447307581082,"north",5.48239469421642,2.21967696458018,-6.39364105678222
10.8721112040803,0.112358642765321,"north",6.23085338981754,1.33667885411048,-0.681845458184526
5.77568772947416,0.124962680484168,"east",4.60177507414124,4.33924180343547,7.86343967954582
16.9003405445255,0.197782357805409,"south",4.39493687304475,3.7861316501016,23.8100570682885
9.6559712162707,0.144954204233363,"south",8.8964559569028,3.79923229561018,-6.67386084275879
16.4151425857563,0.140522678545676,"west",7.52403268661564,3.2284610817029,12.520070946688
14.9009811459109,0.180053147347644,"east",6.62877772794354,2.1790945043076,17.8438005651727
15.39555946365,0.192267530737445,"north",6.85543918776588,4.71593677021497,4.92272227507252
19.6117877226789,0.103223141934723,"north",9.02878130746362,4.0728842340271,12.8260956876114
16.7664063721895,0.173752769455314,"west",3.69118366325737,3.87283494230339,1.35897649065863
16.7474861326627,0.134574562171474,"east",5.2638137011244,3.00683507350715,-0.248339968022663
6.84080307139084,0.122715171682648,"south",5.21398891757488,1.78019738181372,13.2551059342025
19.2277099972125,0.190596917970106,"east",6.72027960535799,2.84938639871496,0.642179738525195
17.243691503536,0.116302416590042,"west",4.90547447680838,2.71044941341031,-2.33805734640224
15.6866252527107,0.157521358109079,"south",6.63809739713578,2.50987960968338,16.357416738062
16.0695591662079,0.123246407159604,"west",6.35572435328165,2.70259381617258,10.959019492676
14.4735343253706,0.158329973742366,"west",3.76107798510923,3.46352486400094,-8.04217942930958
13.0883745942265,0.17213769829832,"east",3.67191008640411,3.07348631041672,-2.28346676617104
17.7664532372728,0.181588803813793,"east",2.20128198544585,2.83881755974962,-23.9035258258388
14.4444376311731,0.117800185969099,"west",8.29549071568453,2.41468266137829,-14.1025651600302
11.119548153365,0.113270549639128,"west",5.78812364106047,4.34713327840423,14.3609911317888
19.8897442116868,0.163312289817259,"west",7.62201104945785,3.11746631212499,9.16392006485765
11.8049939733464,0.18952883828897,"west",4.5455343834814,3.8595505210514,10.1732913457027
7.08437771652825,0.126738916197792,"west",7.12280090219007,4.863827834423,22.1442311736614
6.68029001331888,0.15974091431126,"east",4.69953630870546,3.06098043085272,5.87477626594909
5.81585380947217,0.186468261643313,"north",5.50782277200265,3.67012846389052,4.66862730080141
18.8878296595067,0.140656176139601,"south",7.63048487027992,5.50154004520554,14.3348352556764
11.767584704794,0.102549472101964,"north",5.70439351664033,2.46873274934606,-17.1010636276092
6.49330368149094,0.169934560917318,"west",6.11449835758177,4.67291049700319,-0.942100909312853
18.7637142755557,0.199365061591379,"north",6.35560106220297,2.3898067024437,-4.50328220487663
10.6838592956774,0.172023542691022,"north",5.85868921173466,2.96808260571945,-0.536548809794422
11.4916118176188,0.18713395439554,"east",7.51440875035992,1.60512614555554,0.702067470418144
9.40394929610193,0.134550715237856,"west",6.67640122983445,5.06623668017106,0.117380576087926
5.47693290980533,0.179489304334857,"south",6.461878327217,2.75360315898283,7.00257974382014
16.6621814365499,0.19662130146753,"south",5.86297439940039,1.30079529140371,-16.4102279759788
13.9299057179596,0.100357411499135,"south",5.42165203199459,5.1416585809797,-10.6886730392318
5.35423600580543,0.150241143419407,"south",3.9680395290364,4.43966980581834,-2.72449629473277
6.61921638296917,0.166814942890778,"north",5.6506447054977,1.91617646053321,2.21888486984873
15.3228777321056,0.105224234191701,"north",6.25957121942328,2.88626699855666,1.44430240292683
7.12488491903059,0.149330081278458,"east",6.2394226755549,2.98830281871521,9.02280669535777
9.49334774864838,0.124100694316439,"north",6.27382338755659,3.7124454147784,-10.8714517105636
8.96849968237802,0.16093186265789,"east",7.05636772580694,5.04757384331372,1.82512840624065
13.5291014646646,0.143364455085248,"east",5.66327940811485,2.80557412601542,-18.6955267313392
7.27166419033892,0.1969237934798,"west",6.36236733982021,3.87041256880825,-9.99854974787313
14.8345288308337,0.146609583566897,"north",5.68721528773189,1.77219174372542,-17.4527053694047
7.36089584301226,0.141075535234995,"south",4.8068752287577,2.69102055715988,-13.7156127852552
12.6114865031559,0.122089383029379,"east",3.85493279174488,2.92398934817517,-8.19440710830376
10.583761385642,0.146033555571921,"east",7.18375857257295,2.72393590075218,-17.6251601823923
13.0184352118522,0.156684961495921,"south",7.88814013663123,1.71663339118164,-2.93542725420278
15.1227843249217,0.16831339255441,"west",5.73486601917952,1.95934392400702,-0.0841395575728301
12.4199979472905,0.191364340856671,"south",5.5973148589527,1.53103909559249,-13.7862028994627
13.5071897134185,0.165644711651839,"south",6.51570740040001,5.43743903362498,-26.9028317703242
5.70080800098367,0.141099489084445,"south",5.71106468494134,3.16552921491827,-10.5160554913842
11.6830987425055,0.15731555998791,"west",7.34936424580237,1.05513979724466,7.75429301644746
16.5329347283114,0.191360573819838,"north",7.51998517517715,1.49215256724681,2.91569265956286
18.0596913886257,0.151428569969721,"west",8.1664912866726,3.13337315092223,4.06848087954124
12.2634861583356,0.125260539026931,"south",4.16429167368483,5.0133365899515,6.71516830498678
9.42681908491068,0.103667867206968,"south",5.85106848238378,1.17552731089598,-1.49062284025217
10.2722522290424,0.125303404056467,"south",6.22368002387282,1.52538224331251,-7.12047497087095
15.0916064181365,0.192783619975671,"south",5.07468817868742,2.42537056966633,2.25896265084898
12.9467168578412,0.142723836796358,"south",4.26851997679858,2.29670543734656,-3.56329611188425
6.21172007056884,0.106468871585093,"south",7.09062529259915,3.62986866791565,-4.51004428097607
14.1767273936421,0.156635588570498,"west",7.53317183727532,2.40529292781106,-6.65566385238409
9.12884562276304,0.182829473400488,"east",4.86069849587895,3.21770968307403,5.90036084533316
11.64669107995,0.101527189835906,"south",5.73208523268774,1.27031304197481,2.0721100871556
8.04568675346673,0.116625552717596,"west",6.52253269621799,1.82824507745273,15.4586118862073
18.1006824679207,0.188439408363774,"east",7.44399447828831,2.59037303593188,18.6924651892902
9.21085007023066,0.150165039254352,"east",6.95894037907391,1.8042131920192,0.232642342199748
19.8151868756395,0.125380075303838,"east",4.93224894587066,2.42569005720267,-7.33292134759366
17.8220968996175,0.195884903217666,"east",5.74725357617975,3.23795734526897,1.17624044648309
6.17360998759978,0.13326301376801,"east",5.54782304163429,3.1205943235571,9.78372374638123
8.88764090137556,0.194482307741419,"west",5.73870404425337,2.70042389150504,8.2586999095587
13.5647135099862,0.156462163571268,"north",7.3245407853283,4.20979665505104,-3.02311959988942
14.8052102746442,0.12665512796957,"east",6.61639465078349,3.06261037804111,10.9618351578341
9.59692603792064,0.188275758177042,"south",5.95784744654124,3.34974602458021,-5.5421173158606
18.4630834043492,0.185832924302667,"east",5.83039350525708,2.62587758332283,-3.73200810214593
19.2044124170206,0.171102329250425,"east",6.58879389143642,0.348968510791122,-6.9627904945036
6.97911150055006,0.101818096614443,"south",7.21634821509209,2.92240464203912,1.34980700750677
7.18390494817868,0.140228856308386,"west",5.68927161457754,3.16312113495318,7.67000529385273
7.51771593932062,0.110524405213073,"north",6.62023353304818,2.79051044014115,15.1026328196072
11.7073378060013,0.198868412384763,"west",5.65212734679064,2.6564227959977,34.8550222422906
11.2840163486544,0.149522685073316,"east",7.35594732772485,4.12558799668408,2.14550072779005
15.3891909564845,0.141356207057834,"south",4.18282523592786,3.04422224635757,-6.0591015813129
14.3705905741081,0.111339774285443,"north",3.78184073335726,4.55852542365407,22.9739295630133
8.15339771914296,0.155726701254025,"east",7.41185205906218,3.16205459759083,-4.97236885536584
19.157185072545,0.129984887037426,"east",4.22372344568147,1.87286461484802,5.04058055768666
7.98654800863005,0.140374121209607,"south",5.65773318157575,3.12702444192262,-8.56077410668057
13.5722104483284,0.165144415874965,"north",5.79256509693302,2.36343808727776,-8.09539689938302
17.5432133022696,0.125190931279212,"north",6.88058506590192,2.59336553663846,12.7925348875252
15.7078581047244,0.128674074308947,"west",6.74776605816606,3.60616141305442,9.89509321942208
15.1493532781024,0.167326948326081,"east",5.79154517914903,2.18651243650084,12.4951463857622
12.7328626532108,0.166301219514571,"east",5.1756237045542,1.9654510225439,-5.7763691855073
15.9776238538325,0.166856888215989,"north",5.31220875336621,3.83774063768691,-0.465448364677701
9.15784368989989,0.131557365390472,"north",6.90664323647898,2.83033397410623,11.5303142532868
18.0564805818722,0.162021275353618,"west",7.00250228510638,3.58718453024472,1.92172778366177
16.8215395277366,0.11460912192706,"east",5.88608940837212,2.86435868580218,-4.9352289504443
6.22174117015675,0.182476997072808,"north",7.55807623120245,2.65937001678176,0.0818818201216871
12.6840889349114,0.12282765514683,"east",3.79534117251522,3.02107856232888,-5.63970791715712
12.9945886763744,0.115329680661671,"south",7.9741728715202,3.50460291160108,13.7503158934899
7.78395327739418,0.161014289408922,"south",7.18586582278265,3.46768859382284,1.16242552494738
6.48845323477872,0.199735301593319,"east",6.65676180851912,3.37895569821298,2.19907292212239
15.9997224167455,0.164580477843992,"north",5.9914415951047,3.72926596185865,8.73617286352465
18.0742312106304,0.1929905830184,"west",6.12684277589601,3.41104597648326,-5.42654078590491
19.6182245702948,0.17200740694534,"north",5.56367430784494,3.18245807970176,-0.526349653368406
11.0678213613573,0.142333553521894,"south",3.03407121572931,1.97576660950078,-0.291153116933974
14.3756149453111,0.11285576869268,"east",4.71489103360687,3.20282253730417,-18.9295907002373
10.7306090253405,0.107411122485064,"north",5.49053609254782,3.77003416180854,6.70073237152274
18.9850562857464,0.189752720156685,"north",4.80383324618377,3.38562466559614,3.46849087669538
5.8961499936413,0.160008830786683,"west",5.23970280280517,2.10241496636294,11.5989919069499
8.88913416187279,0.126671207277104,"north",5.55857971001595,3.22651476758751,6.68880213183777
10.3500955994241,0.181514987885021,"east",3.74646526757294,3.06383274632787,-3.42368510877676
13.6662665638141,0.103776615764946,"south",5.98525748727872,2.21322026939582,-14.0036803266019
18.0746725946665,0.163616151618771,"north",3.86581785271417,1.64280425083509,-3.74121809289044
18.4106340957806,0.127707266947255,"west",5.16888724446431,4.1973791408808,-15.0579426931048
12.4455442733597,0.145229361229576,"west",4.05740234665552,2.23368826600671,8.56276762476469
14.2183376406319,0.146958558424376,"north",8.0386049999012,3.58480395803322,5.90237151082985
12.5242527958471,0.168505250569433,"east",5.81084354212526,5.61831747575383,-3.8254292848639
19.391982248053,0.117150149308145,"east",5.19190100488511,3.45283104551379,14.0791485371882
16.6715127474163,0.148058919515461,"west",4.41984619783265,4.55418711505347,11.3680351651151
14.1086723888293,0.155191798089072,"east",3.39909369562424,3.12617751694529,-11.3599120429747
10.7370513735805,0.185295079811476,"south",4.473772614873,4.36351546817613,7.54395438288872
15.7478362380061,0.15111605473794,"south",6.69124044055547,3.35118209088784,-10.4613685552498
16.1137526424136,0.119598927651532,"east",7.51937440915682,3.67453308620327,-7.1814742381729
18.7575714965351,0.116437351237983,"south",5.55736458121567,2.44675971482789,12.9722957515753
5.55385006242432,0.167883461876772,"east",8.19992749899868,1.64938882038745,-5.72723462108494
6.13838309422135,0.142682976322249,"west",5.72622741753403,3.6186223666208,-6.2956124835477
7.45747871114872,0.113919214718044,"south",4.07854773186154,2.87197246716386,13.8557666178465
9.52437565778382,0.196606353041716,"south",4.36731784339204,4.03220143634919,-3.07551931286815
14.2174053145573,0.104768157727085,"south",5.79355620658985,3.43796961999055,19.7500267941114
16.1597198690288,0.101362686068751,"east",8.5069584673661,3.1139346198262,-4.9513294060783
16.8358909629751,0.18679276863113,"west",4.90827209593128,2.73334720058804,6.02847519046186
16.871194508858,0.129620737675577,"east",5.95692725462091,3.83648073248123,10.6400429036823
7.21687328885309,0.158027396490797,"east",4.80624964202108,4.11407066227496,5.32608134096541
14.3105156824458,0.138580637006089,"east",7.57430207505106,3.26559456280567,10.1309366454221
18.5202541830949,0.155508932727389,"south",7.70048614693455,3.34193459295301,6.39319862147212
16.74998483737,0.197746328753419,"east",6.75586301020024,2.0275846309509,2.50384257831477
5.56962996954098,0.116065377392806,"west",5.68597464624353,3.28496619655873,-23.4501706251024
17.5811831909232,0.126965161692351,"east",5.21364952872266,3.27501536356963,-7.10881499192223
10.4172388033476,0.195250266860239,"west",6.9565170328026,3.29365221557018,-12.0563383249625
9.99605917371809,0.157392813521437,"south",7.01285844774493,2.37178589243977,-10.0180701607934
5.64276074408554,0.131364073418081,"south",7.16214687380347,3.42130816281467,-6.97029066813543
11.4188256231137,0.183409910020418,"south",7.5611428445376,2.36276173104076,4.96060209901839
8.46361632458866,0.143345538456924,"south",6.22189179461377,5.04740527933724,-12.878988074996
17.0029426459223,0.164121177978814,"north",7.28468051012136,2.40376228523024,-0.121279622968841
11.3933351694141,0.195047810650431,"north",5.14954013462173,2.95974873447263,-15.2915717978117
8.9841125102248,0.140200639143586,"west",3.95556034299672,2.92394205462262,-6.73649596789882
18.0951687542256,0.128474798914976,"east",5.25959529228894,2.99981384893835,-10.7023702560458
9.57315317937173,0.134273926052265,"west",5.25713945530731,2.76739167307063,-4.42216351456438
6.09108731150627,0.11465504001826,"east",6.33338487027329,1.76662037216079,6.0881869929008
9.57382938242517,0.179473775462247,"west",4.504056383092,3.04081218235016,7.97679401687863
17.5103375047911,0.195249717473052,"east",6.68787268842707,4.11102769440544,17.8374066942134
14.6436321910005,0.149857345363125,"east",4.23497145426304,2.3173220747378,1.3181869696075
15.7853273523506,0.176003291923553,"north",4.91609872088406,1.77061884661205,12.0715438686331
14.5251529279631,0.133473228663206,"east",4.75353784541952,0.812993363050055,11.9199515385893
5.69171421928331,0.160522164241411,"north",7.37490587919842,2.40903873285074,5.32196869709326
7.22939977771603,0.19351000234019,"east",4.11755960197339,3.57159627821862,4.58438630268763
9.9096225888934,0.148712464352138,"east",5.63834114584304,3.1125995071821,-11.2055409328016
15.0179082271643,0.192246752418578,"east",8.11322389833676,0.175911584894483,-15.6026233860464
19.7260472248308,0.166770052094944,"south",9.14966808949833,3.26660210589525,5.97321833337631
12.9632550547831,0.114123942842707,"west",4.98784292500587,3.03602093295198,7.49677685103639
6.57001745072193,0.12627394918818,"east",4.86363848550942,2.21781140448219,13.2264509513476
8.40117845567875,0.122371094999835,"east",5.91047434666976,3.28212700153454,-10.8310098346214
13.2739215751644,0.126124733663164,"north",7.57992099962341,2.50591201689156,16.1163964464421
15.3950530674774,0.185183166433126,"south",6.57611431918871,2.41514315472206,-5.14957226320489
5.13559266459197,0.140312472661026,"south",4.53513250862398,3.15632505138729,0.54876929971662
18.4089377208147,0.190042109275237,"east",8.83139633631233,3.71330708216322,3.72959804574105
19.0631083620246,0.172041948861443,"north",5.2409560748046,1.72795492912407,15.7580263862061
17.2366911231074,0.195620296290144,"east",6.10887085726199,4.12333527499538,-3.30013993725925
14.5069934369531,0.177133346814662,"west",3.76263747350424,1.82863272536407,-3.72089251197336
9.95914299506694,0.166698091081344,"west",7.68114866923538,2.9961731955464,18.0464779303657
12.3697791888844,0.131649223039858,"north",5.27990784960261,2.31827516408206,7.296527501355
5.96646950230934,0.17264856910333,"east",4.01011468010453,2.36154228507152,-2.98257630968499
8.94167886697687,0.152620271150954,"north",5.59123007586147,2.26631587060163,7.81952437622981
16.3579359150026,0.151804778701626,"west",7.56978120775161,2.36896440784052,-1.63175340132037
14.7748256276827,0.15296955127269,"west",4.9396560120572,4.17060296248467,3.61462931678423
13.6690025986172,0.184487623418681,"south",6.30152242487816,3.9094549152096,-16.8778643173958
14.4681773043703,0.162274926062673,"west",9.35582716655685,2.55996453672108,-11.1719452195496
17.2756606165785,0.105337052419782,"north",5.13500721656974,2.97010553283405,-19.5428168573894
6.25818567816168,0.144390237797052,"north",4.9744231778186,3.39688598007829,9.37666252161011
7.93468129471876,0.177833352051675,"east",7.25754764939775,2.66027300788759,-6.53385533467795
5.66350585664622,0.114122202270664,"north",3.75942246315952,2.89185667732772,8.63738934771777
19.4008920993656,0.149292594823055,"south",4.07466516977947,3.93177092285196,-2.70831141925925
17.802221563179,0.156818560673855,"east",5.17910129854086,5.79376659772544,0.459287177657196
14.8503683193121,0.10931598492898,"south",6.18407635582383,2.70325185667424,28.8530085614213
5.90921007795259,0.152533928141929,"west",7.49686646420561,3.84012592578922,-4.7810360145636
6.53629807755351,0.155752234533429,"north",6.22442971512168,3.3938289122531,-0.834671852193583
7.20400031306781,0.182716627093032,"south",7.38909365864671,2.8564163491681,23.60787468313
12.1007082576398,0.17208286547102,"east",4.64959696426955,1.94742513064587,-9.53924895529886
17.9765556706116,0.176527335471474,"north",3.63065176801684,1.3786971480648,9.44715092886402
10.688871970633,0.128640435636044,"east",6.5734035147313,4.55622576783232,-4.07100699780815
8.67770046927035,0.194733599713072,"east",5.19592726561255,1.28859585932795,5.54938614084987
17.4406610312872,0.108112541260198,"south",5.88725388394451,2.77477974909481,5.02846730441046
11.6613740543835,0.195369505998679,"east",5.15239667405702,3.82132091337405,4.15964561558417
5.72366786072962,0.104543618159369,"north",7.02243558850199,2.28194640176065,8.6960686154629
9.23075043014251,0.18063113829121,"south",4.08660433933357,2.17474794408028,4.62490185169012
13.2528813078534,0.184294611774385,"east",5.54580003145531,4.0990150957631,7.89512733227909
13.9810998295434,0.126744593074545,"west",5.67330529948046,4.79617492411829,4.38855800946179
19.2299257358536,0.14389584469609,"east",5.59010169072262,1.22304265782278,-4.15705709201185
17.3216722428333,0.133094237046316,"east",5.52201136012558,1.15918279731543,-1.56365008522129
6.96609612321481,0.114442350552417,"south",4.54359885048712,3.4941317431208,2.60157351190569
11.5080114756711,0.111231497884728,"north",7.7028605358404,3.92924484339273,-2.64220254891307
13.2592890493106,0.153680974314921,"east",6.20538141855424,3.20430541887107,-3.85767936770036
9.62409447180107,0.160354366968386,"south",4.29273479252769,3.81644929110634,1.84189142087362
10.7154565281235,0.150599013711326,"north",5.06315500814359,2.64587353092407,-11.8392135323411
16.9112092850264,0.110457844124176,"south",5.23097828606469,3.30818793527985,1.4590105142945
13.7193245417438,0.147968511818908,"east",5.55781062265878,0.168066238705597,-17.0707548145767
5.37151186261326,0.19043982909061,"south",5.42853465278956,4.10368172464175,-9.89386861841547
16.4650084590539,0.11035771323368,"east",6.60147394804134,1.65082896694544,9.07548664178419
12.644806370372,0.141063004266471,"south",5.0833335962346,1.31256904096287,-2.86142548057428
6.36485878960229,0.186497812741436,"north",5.41741518991509,2.58529755275489,7.99802361251677
17.081740393769,0.17330625562463,"west",4.98686794624205,4.53725496477028,5.1594695243432
5.04498010035604,0.129633110738359,"east",6.51589938053722,3.38101827200174,-2.45223717560091
14.3338464898989,0.113640812691301,"south",7.18043618723538,0.770700576346135,0.926540542266657
17.114950021496,0.157524733291939,"west",8.37424641040965,1.99477441505568,-1.72687271953147
14.7847499826457,0.199292287114076,"north",4.73908037791631,3.86564536710668,-17.8362297406417
12.5443904753774,0.178726723743603,"north",7.46374837813838,3.35121413166133,10.5198288188029
13.34802914178,0.162924192333594,"south",6.21732146035083,2.76533197385252,1.49977403740919
19.397454848513,0.167014472396113,"south",7.94708558897792,2.78545957764026,-7.79518111321858
5.677987417439,0.1966285480652,"east",4.51540749673114,2.44975761133182,18.16586505998
10.1130735664628,0.158873089402914,"north",8.27188797797164,4.53879293966976,-5.50269979096274
12.584361002082,0.176884181075729,"east",6.79219323893583,1.84017993159857,3.92126026563203
17.4851199658588,0.19706080511678,"north",5.4728358963528,3.33373999143302,6.67233293654264
13.5403398191556,0.156779528665356,"north",5.66539821436059,2.69990311972103,1.21697078459119
16.6683779086452,0.1203058590414,"north",3.85800463990923,2.28456600798975,-1.5819114659279
19.0284568967763,0.153231620229781,"east",4.85191679426973,3.33969936361094,-15.0949213012854
13.2267218071502,0.196445531328209,"south",8.41550147243891,4.31735433230947,-2.97127491917482
5.97669053124264,0.165651677502319,"east",4.85796417120664,1.82751730209787,-5.15127512434275
5.19295427482575,0.188427056116052,"east",5.93296950139895,3.10699585963676,11.0748580161067
10.1050247217063,0.151068064267747,"west",7.06486806205604,2.77828464034133,3.68474156774177
8.59183584805578,0.188691645720974,"north",8.17283281232638,2.46302285235166,16.529750335923
9.48975338600576,0.102584899449721,"north",8.25517067151663,2.27987665197133,2.42034768829554
6.14121416932903,0.151121365674771,"west",10.6285375377391,3.63747280034117,-3.62393976419652
18.8461795949843,0.156308593670838,"west",6.97260502939243,3.00311869855921,-8.82644054369641
15.4243469738867,0.1337211512262,"north",5.24184914134962,3.95160477082295,-17.452466543891
17.4543461715803,0.145872281119227,"south",10.0782310457465,3.41826501083251,-4.73013870057195
17.0585220155772,0.135402942309156,"east",5.51887001033584,2.95574488213092,9.31293002148335
14.2006255162414,0.185432238760404,"west",7.16256786769575,4.78922791618941,-7.10522934487071
11.3594953902066,0.142911947937682,"south",5.49135633244552,1.78276066245515,-12.8499893976478
8.5990858101286,0.182570318202488,"south",7.36344786379093,3.94915317519206,5.20280763485433
18.0458349327091,0.167970303306356,"east",0.252210426123778,3.48021423161956,0.846996849258859
10.6023229844868,0.13600641656667,"north",5.56728900346849,3.39003796407655,14.5940089845294
5.31165188294835,0.156266899872571,"west",4.97053469364709,2.14669989398897,-4.5566778629143
7.50813850085251,0.150181527831592,"north",8.95504363343154,2.53119473333781,-16.5894896180546
13.7482532765716,0.16926931401249,"north",6.68203194911301,4.31302047091663,2.78110394110863
11.3902888784651,0.138226857362315,"south",6.64839568720493,3.34853791970596,-16.7308405987255
15.7183611777145,0.170537870656699,"east",4.95341044142336,2.81992929703003,23.5304927598184
14.6576374850702,0.110458665317856,"west",8.10452603307789,1.48651103093997,10.0017696179158
16.8595487729181,0.140000486653298,"east",8.55058978186894,2.36981187380036,-8.3263715278346
6.50182825163938,0.146753424149938,"south",4.6614126107119,2.97111551309193,-2.58412788943782
5.81064897589386,0.14244669068139,"south",4.77707117132029,2.51757253601659,-1.06216038777216
16.1735792341642,0.196963723516092,"east",4.77253979030809,4.44394414995428,-13.3724931932391
12.2814329655375,0.108025627024472,"west",4.78975336368449,2.50701297518906,13.5832839144063
5.66976242349483,0.149283397151157,"north",5.9086405976046,5.32711631138869,-8.36433065309153
14.095685495995,0.190328094805591,"south",6.38490303130354,4.0815631477952,5.41624574200501
19.5486793154851,0.188266337686218,"south",5.41499235078879,2.68539441304072,-2.16535959074649
16.5533357881941,0.125932314549573,"east",5.95448677295316,1.70924423295442,-3.31278977612871
15.1712455798406,0.119495897158049,"north",3.39264742930281,3.28823787699539,-17.2142188241493
9.24606905668043,0.197658859868534,"south",2.402429887449,2.25698662448373,-6.93480319499652
8.22632470168173,0.111676996666938,"west",5.74495653943549,5.24010871544457,-23.4089460472493
10.5714836716652,0.188999684527516,"east",6.44818575699226,1.21646402446526,8.83823221770279
6.66232352959923,0.181342539377511,"north",7.272601441759,3.79265489757519,4.89311775383575
6.62230554036796,0.186936688655987,"east",6.64763076838035,3.87713288500194,3.96731338741736
16.7159619205631,0.152185017312877,"east",4.4924693566261,5.32274268527842,0.409740371693971
15.1339967653621,0.128073902335018,"west",7.69483504895469,2.18102130657976,8.22644549905055
8.22335170698352,0.115613190596923,"north",6.36523242220905,4.03672640239857,24.8874512726475
14.5382661465555,0.193214126979001,"east",8.22776643061952,2.35108057249495,-3.31063343037104
11.4988111075945,0.102415495971218,"west",4.24119910402027,2.5287168327755,2.66602185830365
18.1337588024326,0.165107305115089,"south",8.9808358746455,4.16981464731205,5.15089638759849
15.7852460199501,0.161260710656643,"east",7.68193585802933,3.82741805127501,8.51129884077703
15.7943307422101,0.111400060402229,"east",7.05507535357032,2.40334080883413,2.39496660880499
6.16916243452579,0.193793196044862,"south",7.38701662651485,2.37468487946004,3.40357621499541
16.67872215854,0.151133061153814,"west",7.97873319175302,4.73948218600499,0.33117100475247
9.57323073293082,0.146432502986863,"east",5.20478507007706,3.69229460602779,-9.94963895236364
13.5994265298359,0.181048757396638,"north",5.19895505053916,3.60875165253409,8.02210829828186
16.3498857221566,0.120386629202403,"west",7.92028630097704,2.78049044344892,13.1613163122988
10.0466160196811,0.115034626168199,"south",8.20084509778223,3.93345536273798,-7.21069928240126
13.3736091072205,0.197215461987071,"east",5.95503382246123,3.15445918206707,7.53197473367114
16.6019157622941,0.128378830547445,"west",6.67472666284418,2.40043854721995,9.4402533386377
11.3840015779715,0.108671418693848,"north",2.66288128563694,1.44088782529636,2.36555735645853
11.0022886667866,0.18975193426013,"south",5.42764784292699,1.65870137748126,-3.21339129168657
18.4570734156296,0.150327809154987,"north",7.25849493141395,2.45203557568504,-2.36303503580248
7.87218466517515,0.180899766669609,"west",6.5458017717009,3.78972062319966,5.33129447011641
15.8538714866154,0.167410503723659,"west",4.16542795542719,2.08218687197501,12.4760228238683
11.5196114988066,0.111683960282244,"south",2.57233183184504,4.38741149804204,2.29988694946106
17.8763179609086,0.144907669187523,"west",4.10578614275188,2.31909529497918,10.7389562145315
5.47409835620783,0.121099833352491,"west",8.5769003938921,1.93407733827346,-1.63471792932367
12.795152082108,0.144337413902394,"north",8.68746434663771,2.07022409517908,-7.45705273781031
14.8774661391508,0.196100336313248,"south",3.66138578325878,3.32098929846212,-8.47157955838287
11.6186491958797,0.131583079276606,"west",6.23158486688476,2.74424384526439,1.60611560735053
15.4415389487986,0.148810345539823,"west",3.90264045857766,4.70534386877736,4.15294560512817
17.1053043822758,0.103305378789082,"south",7.24357703980455,3.13625852881377,9.69706490380469
8.68959668441676,0.144839053764008,"east",4.84122448877932,3.63477062704642,-2.0006023259751
7.15803684783168,0.110348265385255,"west",9.93035903517307,3.5556243345949,13.9840207455269
7.91478511178866,0.159931589663029,"north",7.21708170199108,4.35762367729741,5.35470219085284
11.3568445190322,0.162037739646621,"north",5.20716396844848,2.05237035157521,10.3417184077491
5.59562158770859,0.104046905855648,"west",6.29638310854539,2.98947717522511,9.4996642962826
19.4623623928055,0.127550262049772,"south",7.59582084342651,2.03384989411321,-5.52597279101454
13.1052798975725,0.154169213864952,"west",5.73343093202757,3.42929359298149,3.35755691239348
18.7704430404119,0.163161225989461,"east",7.38836681430684,3.3978019223786,8.63811264951564
19.7882890619803,0.15243157306686,"west",7.06436618314723,2.54443670404634,0.8106160607882
17.9528959956951,0.140974676795304,"west",4.1378852699755,3.34221517009424,2.29320848070174
14.1830482671503,0.190956932981499,"north",4.12655225807749,4.07091845817545,26.3549915884144
18.3685745019466,0.150595180038363,"north",4.30657584285789,2.7519367156256,11.7835203588776
16.3146945915651,0.15826310319826,"west",5.94309324639101,2.94719498871691,-0.922830353421773
9.53534937114455,0.168101044278592,"west",4.56043409780763,1.74613813780591,11.5494018147401
18.4951618418563,0.177545926673338,"west",6.34286752441802,1.5400955634798,-12.288283632082
9.5852333039511,0.139470843831077,"south",6.14019649067901,4.67626809956261,9.25513184342855
17.4199736700393,0.199152675247751,"east",5.90816541509487,2.87468796868889,-9.42054860929416
18.9382542774547,0.132895119977184,"south",6.64109456751818,2.66304173209568,0.84593003507545
14.9408836709335,0.128651377302594,"east",6.38153414467118,3.61955008043662,16.6332432958141
17.5602165481541,0.130530754593201,"north",7.29737159918046,3.49553799012956,-7.14423984636086
19.2380562447943,0.169724801438861,"north",7.26117539391857,2.61875587748731,6.02007215987425
15.8522716432344,0.126169519172981,"south",7.02421066197801,2.48385837198612,2.09897538752685
14.8681327013765,0.168835699604824,"north",5.42388861286548,4.6126198422565,-0.98817192927353
6.75628402153961,0.186782660800964,"south",4.91799929959644,3.05395208318099,4.53149136636882
11.1246403271798,0.172947828751057,"south",4.74573280687795,2.79283852808657,-10.3279966172958
14.6388467459474,0.191674199467525,"east",3.33547030193492,2.95403664387246,8.58948485452227
18.4137038979679,0.197459380631335,"south",8.64054508851645,4.31237566871208,6.35928826196922
9.3070660030935,0.106904502934776,"east",5.79955209242182,3.17843258008422,-7.90336980016346
7.65089839813299,0.132249776925892,"east",5.96225322999356,4.22768594892946,-11.8313692607639
8.67766966228373,0.133803222095594,"east",3.90834457611662,3.72328655027531,-22.2975564487923
7.38212033407763,0.11718375349883,"east",6.33010524395963,2.01487730019161,-5.78489946718014
13.2375701726414,0.12139110378921,"south",6.89920837840626,1.62535261395475,-0.790641763753538
19.4121900841128,0.118343706219457,"south",4.35378494549293,1.84524998816197,-13.7884736548808
5.37881881813519,0.156907131336629,"east",4.61197186795021,3.76734260688571,5.80434698066671
11.0676235973369,0.165808915649541,"east",3.52200247296708,0.806841154214462,-8.03503034397005
16.8253867514431,0.13418033902999,"west",5.78227216053655,1.87421313162436,0.00717073212148511
16.5540249238256,0.118455020431429,"south",7.74400112624157,2.87458744273137,-16.5651177405962
13.4615880530328,0.147241605864838,"south",5.85086128841931,3.722582361002,-15.7274725241973
19.1483687318396,0.167116296058521,"north",6.93575044242903,2.46601744753309,2.1992070316962
5.24344583973289,0.113253501453437,"north",5.58657424360591,3.05006100951782,6.45026643627868
11.74591320334,0.178244361071847,"south",5.95545188918458,3.76012366011321,5.12112825632113
16.3141800509766,0.175571141485125,"west",5.61388896838108,3.85065103592177,-12.0199517607526
13.0213819188066,0.129531999654137,"west",5.86850640812723,0.831213175713796,6.50267885573991
19.7238439123612,0.190638584969565,"north",2.86083545565726,4.02371589942491,-14.2617228219926
16.3775832846295,0.1166512159165,"south",6.98859644252192,2.75679233579146,-7.39209315479296
7.27066591614857,0.121587894624099,"south",5.37847041510562,2.76884180663932,5.84007056008154
10.5175782518927,0.152088105492294,"south",4.98304950940289,4.81307813374133,1.38729849811517
14.3309014139231,0.168648508610204,"south",5.59274583199173,3.09142355082181,-1.84476367691638
11.6815845656674,0.127244768757373,"south",6.92834918691502,4.07124490276134,2.10960848546762
10.493484181352,0.163891637208872,"east",5.793538470182,3.45349816015794,-0.73119832693053
5.0315411016345,0.107556148106232,"south",9.18756167733285,3.39463681250919,-3.70434514819123
10.9695275546983,0.143795879394747,"west",8.13621700567769,2.04928915522528,1.24530393209353
5.10512135922909,0.130058028362691,"south",7.3392058213087,3.83127876895501,10.4917944687659
13.5159938794095,0.173368191788904,"south",5.68828953732956,2.78411607474134,-7.7039845637948
16.704314466333,0.190663100592792,"south",6.40666165009584,2.27387355743071,-3.34925213734524
10.2714031422511,0.158813818846829,"south",8.25677146135915,1.95980111435403,19.5168254714425
7.55868643405847,0.17975065659266,"west",5.27498586822411,4.07848578968016,-1.12078025429953
12.9973449429963,0.162734440853819,"south",3.90770570333828,1.70063320482527,-5.06196556551543
18.2591841137037,0.11478169914335,"south",7.09296795993891,2.74071969367386,3.25520923080516
6.77405770402402,0.166483389423229,"north",5.53744602928663,3.40355472607098,2.00546521292128
8.32899875123985,0.189285043487325,"south",5.50404295477591,3.84707075774719,-1.0141188946132
13.129519202048,0.116699273465201,"north",6.22611798446118,2.82957373251264,1.40726882729178
9.02651405427605,0.100406150380149,"east",3.70913096526969,1.81516575249396,20.9845102812128
8.82921451702714,0.13104522570502,"west",6.84382373642105,3.05003806256206,5.90702274539231
7.9501959180925,0.113120866566896,"south",5.28599736887278,2.25072340938673,15.0657262516946
18.1734520033933,0.134690267289989,"west",4.93312682967004,3.90265235851904,7.58273601982313
17.7025951526593,0.181280845985748,"south",9.13540698505481,3.45163795898545,8.80309201919444
19.2196544853505,0.189838081714697,"south",5.13515633912207,4.87162011866342,2.26210887044921
10.8698709448799,0.122331290738657,"south",7.89750968886901,2.48881831749406,-12.6433242185386
5.21255249157548,0.107367810932919,"east",3.92134131219613,5.60521019986181,-15.0925072611482
8.45216117217205,0.128399911965244,"south",3.51655209800585,2.51883724571799,-12.0925493377043
7.4317670520395,0.188820605864748,"north",6.29860914733743,2.74507536126163,12.2951175852859
8.68709548609331,0.171393540874124,"west",6.03247653167289,1.61228582612048,2.73818793559565
12.8979139321018,0.163216354139149,"east",5.18221334394549,3.3560910072108,-0.0370123207615117
19.9005593603943,0.156928484421223,"west",5.89525187545342,3.01631465981888,-0.76346949212098
15.9235579380766,0.173769431677647,"west",3.99985777371674,2.40812438011224,11.7584803129516
6.12236597575247,0.129330168291926,"south",6.72880202045739,3.18763460099201,1.06061945892567
10.8281035686377,0.19742981698364,"west",6.01960142621904,4.10856575871892,-5.04568743206018
17.2478568588849,0.174262329610065,"east",4.83208676903187,3.98461260263143,17.3738584891228
5.94909922685474,0.105517670512199,"north",5.31975647634471,0.172754535513605,-9.91906761196859
19.4740805274341,0.168653834564611,"east",6.66620735377458,2.89062582943814,-13.064884448594
7.20343658467755,0.104236511536874,"south",6.88565046236583,4.05125762247897,-4.8091121594666
17.4973019445315,0.1033016751986,"west",5.19297361471366,4.80078543650094,-6.82054152322059
13.3846486534458,0.154723049630411,"south",7.08542880251139,3.94475555388125,10.8596242547622
13.2946724398062,0.113858562428504,"east",6.74998261420511,3.45305104775289,-2.70563394853513
14.4091710215434,0.175107243703678,"south",5.16327924437847,3.49213516942781,8.35175421050622
15.2152550383471,0.152075020992197,"south",4.27415241765576,3.17615281436668,-1.56289715922994
18.4817521588411,0.148842520196922,"east",3.77095766223237,1.29813407422427,13.2541386366644
14.2050485836808,0.181285630422644,"north",7.70401715418344,4.2504104362045,7.35552537860488
9.02055832790211,0.189047399000265,"south",6.81060785971305,1.70371179671378,3.40829275966908
5.02734403824434,0.132920169318095,"north",4.35055202220848,2.00155458054838,5.50482666447681
5.56817628559656,0.138566159456968,"north",6.84881822602149,3.19542124785467,-0.623305893696397
18.6238011729438,0.105133856181055,"east",5.03886999495046,3.35037719529747,4.40802253177103
19.4052461802494,0.183708686428145,"north",6.01417813519331,2.97816013825608,23.3318642154136
5.83568793837912,0.16436550533399,"south",4.23624070735899,2.68855481230841,-4.61191334600959
5.95909064053558,0.10683048882056,"south",6.37917885221443,1.43596004662363,9.17629967909085
19.3079042364843,0.157561503001489,"north",6.5727603536134,4.29259108098754,-8.13581377038263
15.7692957576364,0.137975562294014,"west",7.5518232480031,4.57916915400135,-6.41905035106934
18.3652017777786,0.11069573671557,"south",6.93925749524451,3.84406720305978,-4.17190749706347
9.23931373865344,0.124747351789847,"east",7.01133392279889,3.78727185589584,14.3483972923762
12.483438057825,0.104994731815532,"east",7.46722081991506,2.19789378382361,-8.42816071645749
12.9393509670626,0.152737214323133,"west",7.16575572761465,3.21061068985479,-1.14699067786597
13.1259077927098,0.149490672000684,"west",5.80692820506034,3.12795737810579,0.688658909090352
18.8710421707947,0.152278089802712,"west",5.50773959686726,1.23933378691175,-12.2589345442813
15.9695901768282,0.166270217089914,"north",5.42880731859327,2.56764812128131,-14.7945836982932
16.7982080916408,0.19828768922016,"east",7.36249199047268,1.94001343180265,-5.78556258107611
5.47929431195371,0.182745042815805,"east",3.1691386107944,2.53664277561002,-0.232289967533821
10.3117759269662,0.165946896118112,"west",5.57951666036809,3.24203822012341,-3.46201147841675
16.5329020179342,0.115323402313516,"north",6.19305913694382,1.32025690315346,3.22662742006033
13.9495032432023,0.161810523737222,"east",7.80203394199682,1.07464063749285,-5.46576570511261
16.6082502913196,0.145053624524735,"north",7.68046335318502,1.76452027279439,9.85238258115875
17.4351100879721,0.143935783044435,"south",5.73523491991298,2.04272963781975,1.28048953697771
5.91515555395745,0.164393786946312,"east",6.49090378763224,2.7811605098835,-6.30186509919796
8.54328643647023,0.134720670827664,"north",6.32238184169775,4.58123943704504,-19.7237038328278
10.6576076883357,0.150838109618053,"north",5.23229742114191,1.55769243059757,-4.33043887326478
15.6391734443605,0.181332969292998,"east",5.86717000676834,3.76916516155869,6.7475199968605
17.3239653569181,0.141032991395332,"north",6.87172240249661,2.76705811219408,9.06481031326772
13.4132771624718,0.197123634256423,"east",9.90136841392615,2.66054241413976,1.93449350198835
12.1960728894919,0.10750188275706,"north",7.2949679816201,3.59729663173387,-4.71252124136099
14.2069322941825,0.177680653822608,"south",6.33135349506797,5.29087409844326,11.6855472571221
8.2781026721932,0.107689560879953,"west",6.14982638940412,2.71406241238722,9.20741320241144
13.1991202419158,0.16016656642314,"east",5.30039631364722,3.28400463007943,1.24208758498665
15.3970472130459,0.145407956908457,"east",3.88077024366215,5.53423331927738,-0.402872412909722
11.5295436943416,0.14314926895313,"west",8.04724525177887,3.01020226532996,7.23005755646429
15.2471000992227,0.120759786921553,"west",4.71559939725745,4.17533760398083,17.1122024643998
7.59589714929461,0.100388950086199,"south",3.29727998088099,1.45622374432439,2.89789186355819
7.49696799786761,0.145016178884543,"south",6.87021370029072,4.15935165360374,-4.78758204671784
16.5871976222843,0.103067300259136,"west",7.07258138219837,3.3329327645994,14.2576398020593
13.8685193518177,0.153857203386724,"south",5.09217680271695,4.40483307766577,-8.32137702033825
13.24359345017,0.123814741289243,"north",4.39925631247323,3.80533346792279,-6.85933765794156
15.5570660531521,0.160973471705802,"south",5.73527668489033,1.03205227974365,15.8962618054727
12.5514718634076,0.172431848058477,"north",4.87740817464385,4.02439266811379,18.2162700290417
15.4798301751725,0.102809468982741,"south",5.63147704281006,3.68212724018791,-10.8170998997643
8.06357623194344,0.164764293422922,"south",6.47771182463804,2.30909315480384,20.8397662496352
18.0041108594742,0.128145561856218,"north",7.99732243901013,4.34861394593646,-9.70166388462364
15.9511356148869,0.194007776398212,"north",9.15407562304681,5.32701104853451,-19.5453121519679
14.558412861079,0.143707431294024,"north",3.51343977205108,3.18474355051131,5.35262131706092
17.5760218768846,0.184394535119645,"north",6.63429012387209,3.66829573645076,-10.9399417606284
18.7044134631287,0.123421855713241,"west",5.30035092142294,4.16968139185192,4.72173818543265
9.04429386253469,0.116390080470592,"south",4.4094573619233,3.89566985454079,-17.3919661471761
10.6940272462089,0.14719173584599,"south",6.6060497596221,2.98710819499533,6.1021093049743
11.6633870173246,0.155291467928328,"south",6.15610479542426,4.08316487852983,-10.4925401415385
9.8673337046057,0.175019047246315,"east",5.42419621141607,4.37718067431751,4.89242126498742
6.07773567317054,0.193724756129086,"west",5.28664053657807,3.97380959317546,7.29594196983369
17.7700473973528,0.147294828738086,"west",5.9651135766189,3.69323943332265,-2.90129005881264
14.5789242163301,0.105805603531189,"south",3.09370503340703,1.98929012051143,2.45354015174071
6.14208164741285,0.182483431743458,"west",4.3577020744566,3.87133688822561,-15.2434512798866
11.9808231957722,0.164850976341404,"south",6.05770039544872,2.68514695149657,-12.5349496675513
17.6419973210432,0.129705918510444,"west",6.34260145642205,3.24348203745827,12.6135021970804
10.0603641185444,0.129290811182,"south",4.43203038095496,3.31231103161457,6.02937750424314
18.1909404043108,0.104376390855759,"north",7.60391833274473,2.94950272749093,-3.75502635281589
18.4405025991146,0.173875956586562,"north",6.21412947378084,4.17461883450262,1.45680840429717
17.5787603214849,0.113561373087578,"south",5.77707342745195,3.56550806200719,-6.30664296918258
6.51612178888172,0.115060679428279,"south",6.13975177769467,0.907148800833505,-1.12021084928479
16.9159237458371,0.115816810191609,"north",4.93104481904268,3.19088623413863,-1.52104661156971
18.1299896945711,0.133958376944065,"north",7.05796218041631,3.67384685061061,-4.13163442739702
12.6421959383879,0.134653622098267,"west",4.07968983154218,2.75690589150709,4.60469861978743
19.9328529892955,0.191065935557708,"east",4.94926315199084,2.10016014403349,10.2204667441421
17.4156885582488,0.106664952379651,"south",7.80621909949441,4.92472703439532,14.1319005498773
8.39559598942287,0.174490340892226,"east",6.75973624341817,3.40143894982294,11.8355820954785
9.40141974599101,0.164386220602319,"north",6.22340335173223,3.7722766971437,-11.5211378443058
19.7313468367793,0.176437256415375,"east",6.56117180893989,2.75268409530146,13.4731350353292
19.794361279346,0.102153392252512,"south",5.93770822116664,3.35656191087241,-2.892189537666
17.9687488393392,0.146111197303981,"south",6.27479284165592,2.97184851736269,-17.2865149335398
13.1486163800582,0.17227507410571,"south",7.71522983874281,1.13317409867272,0.602069753833271
14.7311559086666,0.185700795333833,"east",5.36947590572,4.6162074328378,8.33077670658681
8.67083517019637,0.127754838834517,"south",6.41973299701203,2.22394326017925,8.62203329115342
8.22353715659119,0.182109209964983,"west",6.43726656773914,1.76690221526996,-2.59282073739108
19.7037023457233,0.144227041490376,"west",5.26224422929768,3.50842762552359,-11.9316192793586
13.2759258733131,0.114124398841523,"west",5.56964950055405,3.22873854452585,-4.33737134707159
16.5549867751542,0.127757228142582,"west",7.57627621014827,3.7235482122529,-1.105489867135
17.6031470391899,0.195549980155192,"north",6.33575761721798,2.6495720154645,14.4857019785149
19.3041129899211,0.15810973381158,"south",5.62991652422035,1.14271345877689,-24.1215243785423
9.23722861451097,0.100336537254043,"east",3.35401533175731,4.71797634402021,1.1940609420733
6.13324345438741,0.151214800379239,"west",7.26352988929114,2.3138473180649,21.4391747842111
5.70958182448521,0.102399221644737,"west",6.36498444686764,2.38915898209715,-27.2160785390287
7.23702584626153,0.129583985405043,"south",7.93126674545422,2.11831473226465,8.41558634478423
16.8684627942275,0.106710447650403,"north",3.34567371190741,3.86388432406163,10.1009456530384
17.1807584108319,0.11268219887279,"west",8.93319906344033,3.18667934609295,-1.22590502401931
10.1705063844565,0.154587137838826,"west",7.57568730217915,3.97970493609242,2.02415181439774
13.544431993505,0.156382960220799,"north",4.96631406704963,1.81459685598631,-2.93505594738627
10.2034151367843,0.124193190969527,"south",4.2167834635948,4.49822720231531,0.640492949344061
12.1535216621123,0.195566432690248,"west",5.41116866692054,3.64242592139752,12.1698700662203
13.9804381690919,0.123993211588822,"west",8.26109970631366,4.1372706858572,-10.2780946833939
8.83375416975468,0.137551647378132,"west",5.70944887627159,4.9889490551277,-4.32800601323824
18.0737503548153,0.121816194313578,"north",7.04387727632832,2.67925187647234,1.46665652526168
12.0690116297919,0.164928672462702,"west",6.74381331521982,1.97967266265812,2.00878720860505
16.7488711548503,0.119847929337993,"north",3.97541198727959,1.25149364708106,-2.09995676153272
13.2038897578605,0.116524916864,"south",6.54318137973239,3.65286553060245,-11.2186411019977
15.1630978216417,0.107777972379699,"south",7.98442839387724,2.71877685035899,4.7257937110567
9.35857316828333,0.104179079295136,"west",4.82808286205337,3.34814713685894,7.19711133299844
19.0241623378824,0.181088785687462,"east",7.59081411837681,2.81525221489249,8.80997053109641
15.298958371859,0.16672117956914,"east",7.51483446808257,3.06345963332753,3.90297874322328
16.7352538590785,0.195524110645056,"south",4.74108098668584,2.39758643576172,-11.9253571501923
6.82444164878689,0.19344412535429,"north",3.04165023892424,2.54532641748013,-4.61064689413491
10.5437930626795,0.106087962561287,"north",7.25317380704359,2.9727990896617,10.0051543259833
8.06062123738229,0.166043421183713,"north",5.11911485090464,2.5597700442943,5.08692548878116
6.09232536749914,0.161071260436438,"west",3.4850335674885,3.90118368893285,12.6386028214029
5.13703849748708,0.196059766621329,"south",6.86728811821655,2.87390969986367,2.81065031314698
19.9954727280419,0.193143373983912,"east",6.40842886546673,3.98552904321373,16.1518223351361
15.4726431751624,0.115482628624886,"south",5.50801026774014,1.82589538769209,-4.17667812456653
9.27022613817826,0.10722333425656,"north",6.36289164901253,3.06476995980823,6.86777286693362
19.7057886677794,0.187978100776672,"east",4.12416051233896,2.53725998994332,0.21686809249848
15.0334999675397,0.173383699799888,"east",4.02819743850867,4.35580408321852,-1.32370761527735
17.0517999771982,0.150001081707887,"east",5.583029966413,2.93982487200444,10.2876524931753
6.62881056079641,0.199059548950754,"north",4.65313251995356,2.13499285148827,2.98563762674732
18.836015353445,0.178879887587391,"west",6.4790960899816,3.65343868895892,14.4068402037555
5.033091903897,0.176393082202412,"south",4.56138945720108,0.17455125592141,-1.43541624584873
8.7042495678179,0.179507613671012,"north",5.45736018501224,4.12797247908093,2.91205450030262
10.6777903577313,0.131710704951547,"west",6.39034129379055,2.71047984279053,17.8820199647032
10.0047542597167,0.123407879052684,"north",6.49715889399964,2.74162371569726,7.15842199298671
15.7847459346522,0.104149392899126,"east",5.6639953382269,2.73953729953367,4.20685161610392
10.9832917852327,0.154306581639685,"east",5.43219362213376,1.93290026614657,15.3783927131083
16.3170942361467,0.179678355902433,"south",6.8796496681383,4.13675839787476,6.09778235838883
14.2419357923791,0.193843328393996,"north",6.00325500192041,2.31072052175513,2.52986951959208
5.60259746853262,0.144299319479614,"west",3.63283470878001,3.44547293816393,7.14369410492177
19.8929902224336,0.196932541998103,"north",6.22045202796125,3.26433326225685,20.4463241488487
7.67833002377301,0.19652474259492,"east",4.70315932673268,0.797187886988523,-6.94844887126769
18.5162084829062,0.123167200828902,"north",8.62548918067634,2.62217357210578,22.9978408070407
16.5047332039103,0.192747190617956,"west",4.18737949837899,4.80904773514117,-9.44085378288392
8.40902717551216,0.130513810203411,"west",7.34050863683923,4.46252947688894,1.09664480824302
8.7647941254545,0.164291103021242,"east",6.45510407149573,3.18168849688512,2.31916310889044
16.856733141467,0.177704942971468,"west",6.22714733215826,3.29433608634459,17.9023847455268
9.01171588106081,0.103916019247845,"north",6.010946059075,3.33343019084316,2.91585238155613
5.19476552377455,0.167138732830063,"north",3.95111185516119,3.00569299261866,-4.38076436662624
13.1449436955154,0.173586637177505,"east",4.31970797872688,1.79046242961827,3.41353768548942
6.91333310096525,0.131983384746127,"west",6.43533274834466,2.2839329830869,-9.79741975939543
10.4731964028906,0.197996914735995,"north",7.6655014576966,3.75753543453778,-10.3825317907987
13.0481940414757,0.176010983297601,"east",8.44481997015946,2.60951103296647,4.26437983691885
8.37813044665381,0.12666526553221,"east",3.74628515043171,1.8445324529334,6.5138492072845
16.0035656939726,0.180105437175371,"east",3.2235607220893,2.83793574044983,-5.59841438973047
19.0782189532183,0.176209693937562,"north",8.17107811538896,3.01750950151559,-0.0410047481392987
14.8292889539152,0.109771680296399,"east",4.81961119408764,4.07431865033855,-8.82006458517356
5.48516001319513,0.165737675921991,"south",7.5826766704134,2.77566920254703,3.11505853371646
15.288314926438,0.135251390445046,"west",8.05917288584059,0.331029342134434,3.255120919396
5.99834340740927,0.139678714633919,"west",7.06502402646982,3.87522213121757,9.81798655056419
10.2328492689412,0.163873203028925,"east",8.13035387964685,4.22350360016557,8.70662194073491
7.81933312653564,0.154677496361546,"north",6.47490291608557,3.33671762584671,0.845704375109879
15.1631337730214,0.17437860108912,"west",6.87479412001647,3.46923981938312,3.10137301227983
16.0904216568451,0.11781034891028,"west",5.99387270269861,3.00250190046377,0.147875386423202
14.6334589004982,0.100755383307114,"west",4.73641316645128,3.78761199372924,4.66036082507491
11.5002876496874,0.134582191612571,"west",6.94922098481865,0.889095610653369,-9.67273832500901
19.0119403216522,0.104364921781234,"north",5.5485621302768,2.48554479751292,7.66252069529577
5.37086850614287,0.198977852379903,"east",7.22986717856031,2.09237785060113,12.9332794672088
16.7646922799759,0.120722233084962,"east",5.05115242901327,5.38277250286971,12.7988026740287
18.3007478376385,0.177610005345196,"north",3.78536876136798,3.95827899408073,-7.01875299820953
17.5012224435341,0.168811917654239,"west",4.05507068201307,2.677633002032,5.53955911851245
18.1210048217326,0.121151406294666,"south",6.60631140342961,4.40566883576118,-4.66568550380789
11.5298215963412,0.176616573869251,"south",6.8891741714151,3.93261631110614,8.31375136393586
10.5146636092104,0.190499061881565,"east",7.50014307924037,2.53293717776787,5.15802075095806
8.22249944554642,0.140486903116107,"south",5.16629689744154,3.45418785779737,0.57753608669946
9.16002442361787,0.169748786184937,"east",4.17478121264423,3.29595441676712,0.929295512940712
16.6326938837301,0.176441632141359,"south",8.31362469234074,4.47250523897598,-6.49530531707814
15.5583870585542,0.184316344000399,"north",5.57597279393439,1.8990861267013,-2.59424178386283
11.5261386020575,0.127029144437984,"north",4.99080335692255,3.66078161766001,-25.8118588211333
17.3496221983805,0.15283134886995,"north",6.73980035540373,4.17281137773154,11.9220949606541
15.9799087850843,0.192675443319604,"north",3.52909932098231,2.54040822974923,-0.0482437316284399
7.39534096675925,0.136604668013752,"north",6.24948848439625,3.11278264087228,-0.458648730159819
17.9454428493045,0.123379281256348,"north",4.92016935256015,0.278794277063418,7.11695326488011
7.61120703071356,0.113835137477145,"east",4.2644094317627,3.70231252067027,23.5546376062125
9.70654080272652,0.126784647954628,"north",7.38810445326127,3.33967928894866,1.49569156045143
10.1249315077439,0.184072244330309,"east",7.09963502264235,2.22939296430431,-4.41097226206441
11.5788635076024,0.123045362182893,"west",4.8469878900546,2.66496927830584,1.85557076539691
18.4927597106434,0.155813328293152,"south",6.91573740437076,2.16999339555138,2.08982584415031
6.7662874981761,0.114063713955693,"west",5.0655282771184,3.03401392381668,5.5685993609244
6.20867244200781,0.180184606905095,"north",4.84536222479474,4.89383708431119,4.90449373172717
6.4588528580498,0.178330614138395,"north",8.82054240583436,3.64895377529753,0.726515087332359
18.4786139428616,0.164575764164329,"west",5.30334834233659,2.15601420884098,7.88462876341886
19.3350246001501,0.194074458256364,"south",5.8338540425171,2.94831862892225,6.5569093566392
5.2406731445808,0.161917880107649,"south",8.57781857460852,4.76074418157945,-18.1852140467167
5.00843934714794,0.189488793257624,"east",8.2762400913449,3.40728179451176,0.372677358466343
16.7736498767044,0.134377200319432,"north",4.47553959048472,3.02157480244787,-8.28951381845334
14.7164173028432,0.179934500413947,"east",5.24231879487564,3.68288480523594,-33.7135068187449
19.8436234076507,0.138236189633608,"west",8.19846550840794,3.7651343636752,-5.38344894861139
11.8844138470013,0.172115472145379,"south",6.77022011395389,2.78392643427201,21.1342933840792
10.5335106607527,0.111957539780997,"west",6.33901183057989,4.1947975455699,17.2129594730614
10.4232311830856,0.191358175501227,"east",5.14933892963591,3.04045362039797,1.32083542345692
19.5678999903612,0.179734697309323,"south",4.19759224102717,2.83476400977025,-10.3004089143682
10.8446125441696,0.17611931359861,"south",4.78879772607805,2.29233200848424,-12.6064242001369
15.7649022643454,0.17454846566543,"west",4.58750135857748,2.37105178016497,15.5236143662157
6.31283450988121,0.169014162383974,"east",5.15663969902767,3.15600226988115,-4.42098383121505
12.7302561083343,0.121427681995556,"west",7.03870912972815,3.33476213746778,-8.71243176260523
12.150550148217,0.106922630569898,"south",7.46513983096655,2.82684220097976,11.4731883106887
17.3245683300775,0.196633839909919,"west",9.23299872228987,2.27039596629069,-0.621259149159634
17.7043788111769,0.101320031122305,"east",3.64837479795521,3.66398799595667,4.33483507582487
18.7121646315791,0.193296088767238,"south",6.84020659140727,2.7277926200997,3.29935609159821
13.3129835943691,0.112545007397421,"south",8.19802863967929,1.55149427562267,-3.24986897185155
16.8696422188077,0.123000640864484,"east",6.24462521772631,2.59374856455372,-10.7360940043787
16.8326542945579,0.123346795025282,"west",9.03660103895296,3.21861623188703,-5.50707935163244
10.7003335910849,0.106020430335775,"north",2.77878260529584,2.43212282257382,-6.6034647911503
12.8260221669916,0.197899097483605,"east",4.73504635330881,4.00805709969149,5.52414122859768
7.74254808318801,0.102915798849426,"west",7.25647152374578,1.72361957654378,11.4133348846408
17.0297344529536,0.156573911430314,"east",8.5464881249285,1.60759193206958,-16.3000852949952
15.5371243215632,0.156611796771176,"west",7.64976298457338,3.01754604808742,6.49720538963247
6.74591347342357,0.190553818363696,"west",6.65882288277625,3.26270688394796,0.454040620546798
12.6817138213664,0.158305389597081,"west",7.62743814198084,3.87950026325539,6.54653518275767
13.0738018034026,0.172557820309885,"north",4.83104617129583,3.73424890617809,-6.99451256311823
10.6100620341022,0.189059452223592,"east",8.44111895258778,5.37442566553498,-2.88620349442115
14.0967121149879,0.122545224870555,"west",8.88346890733238,3.43930636786558,-9.21470926515393
10.9196140232962,0.118272283836268,"north",6.32533319776952,2.9038144989407,3.55173180062677
6.32417238201015,0.1606772684725,"south",6.17566088061059,2.84013941434785,16.9412245649713
8.87361968867481,0.159316519461572,"south",5.09279465970459,2.06919674787021,-5.56007500090693
9.04271783772856,0.174518906394951,"west",5.46431996223683,-0.275288826908906,14.8477014254889
13.4661715885159,0.176633152994327,"south",5.33294654450446,3.37380065957825,4.60146182580439
12.2271631425247,0.192933729453944,"west",6.31084396170446,1.22177108599076,-21.1581997517487
10.3909448569175,0.105515329237096,"north",5.33100079081036,1.65219787635055,-8.17519866610297
5.17711140564643,0.164206795371138,"south",5.48386826616578,2.04081881027415,12.6990842234034
6.14265541313216,0.176998152513988,"north",1.9741852500956,4.14688686466618,-9.72461358208302
16.1272654437926,0.142511977138929,"east",7.31811122088023,2.41976889152879,-5.98494809108326
10.1308217714541,0.157847387180664,"east",7.99711028319235,3.05500278281782,12.1172810370395
13.70096109109,0.153894474962726,"north",6.0255513861911,3.31233435395619,-19.5602039330032
14.6170376345981,0.114739967836067,"south",5.11449539827581,3.36425366683914,13.5580577855564
